site,replicate,sample_id,date,phylum,sub_phylum,class,order,family,subfamily,tribe,taxon,taxonomy,itis_code,voltinism,ffg,maturity,nd,count,pct_sampled,rep_num
BUL-01,A,BUL-01-A,2025-10-03,Arthropoda,Hexapoda,Insecta,Diptera,Chironomidae,NA,NA,Chironomidae,Chironomidae,127917,NA,NA,Pupa,ND,4,5,1
BUL-01,A,BUL-01-A,2025-10-03,Arthropoda,Hexapoda,Insecta,Trichoptera,Hydropsychidae,NA,NA,Hydropsychidae,Hydropsychidae,115398,Unclassified,Collector-Filterer,Juvenile/Damaged,ND,7,5,1
BUL-01,A,BUL-01-A,2025-10-03,Arthropoda,Hexapoda,Insecta,Ephemeroptera,Ephemerellidae,NA,NA,Ephemerellidae,Ephemerellidae,101232,Unclassified,Collector-Gatherer,Juvenile/Damaged,NA,50,5,1
BUL-01,A,BUL-01-A,2025-10-03,Arthropoda,Hexapoda,Insecta,Ephemeroptera,Leptophlebiidae,NA,NA,Leptophlebiidae,Leptophlebiidae,101095,Unclassified,Collector-Gatherer,Juvenile/Damaged,ND,28,5,1
BUL-01,A,BUL-01-A,2025-10-03,Arthropoda,Hexapoda,Insecta,Ephemeroptera,Heptageniidae,NA,NA,Heptageniidae,Heptageniidae,100504,Unclassified,Scraper,Juvenile/Damaged,NA,26,5,1
BUL-01,A,BUL-01-A,2025-10-03,Arthropoda,Hexapoda,Insecta,Plecoptera,Chloroperlidae,NA,NA,Chloroperlidae,Chloroperlidae,103202,Unclassified,Predator,Juvenile/Damaged,ND,1,5,1
BUL-01,A,BUL-01-A,2025-10-03,Arthropoda,Hexapoda,Insecta,Plecoptera,Perlodidae,NA,NA,Perlodidae,Perlodidae,102994,Unclassified,Predator,Juvenile/Damaged,ND,6,5,1
BUL-01,A,BUL-01-A,2025-10-03,Arthropoda,Hexapoda,Insecta,Coleoptera,Elmidae,NA,NA,Elmidae,Elmidae,114093,SV,Collector-Gatherer,Juvenile/Damaged,ND,9,5,1
BUL-01,A,BUL-01-A,2025-10-03,Arthropoda,Hexapoda,Insecta,Coleoptera,Elmidae,NA,NA,Elmidae,Elmidae,114093,SV,Collector-Gatherer,Adult,ND,2,5,1
BUL-01,A,BUL-01-A,2025-10-03,Annelida,Clitellata,Oligochaeta,Lumbriculida,Lumbriculidae,NA,NA,Lumbriculus,Lumbriculus,68441,NA,Collector-Gatherer,None,NA,12,5,1
BUL-01,A,BUL-01-A,2025-10-03,Annelida,Clitellata,Oligochaeta,Tubificida,Naididae,NA,NA,Nais,Nais,68946,NA,Collector-Gatherer,None,NA,4,5,1
BUL-01,A,BUL-01-A,2025-10-03,Arthropoda,Hexapoda,Insecta,Diptera,Chironomidae,Orthocladiinae,NA,Tvetenia,Tvetenia,129197,NA,Collector-Gatherer,Larvae,NA,47,5,1
BUL-01,A,BUL-01-A,2025-10-03,Arthropoda,Hexapoda,Insecta,Diptera,Chironomidae,Chironominae,Chironomini,Polypedilum,Polypedilum,129657,NA,Collector-Gatherer,Larvae,NA,4,5,1
BUL-01,A,BUL-01-A,2025-10-03,Arthropoda,Hexapoda,Insecta,Diptera,Chironomidae,Orthocladiinae,NA,Orthocladius complex,Orthocladius complex,128874A,NA,Collector-Gatherer,Larvae,NA,30,5,1
BUL-01,A,BUL-01-A,2025-10-03,Arthropoda,Hexapoda,Insecta,Diptera,Chironomidae,Diamesinae,Diamesini,Diamesa,Diamesa,128355,NA,Collector-Gatherer,Larvae,NA,3,5,1
BUL-01,A,BUL-01-A,2025-10-03,Arthropoda,Hexapoda,Insecta,Diptera,Chironomidae,Chironominae,Tanytarsini,Sublettea,Sublettea,129975,NA,Collector-Filterer,Larvae,NA,8,5,1
BUL-01,A,BUL-01-A,2025-10-03,Arthropoda,Hexapoda,Insecta,Diptera,Chironomidae,Chironominae,Tanytarsini,Micropsectra,Micropsectra,129890,NA,Collector-Gatherer,Larvae,NA,3,5,1
BUL-01,A,BUL-01-A,2025-10-03,Arthropoda,Hexapoda,Insecta,Diptera,Chironomidae,Orthocladiinae,NA,Eukiefferiella,Eukiefferiella,128689,NA,Omnivore,Larvae,NA,5,5,1
BUL-01,A,BUL-01-A,2025-10-03,Arthropoda,Hexapoda,Insecta,Diptera,Chironomidae,Orthocladiinae,NA,Psectrocladius,Psectrocladius,129018,NA,Collector-Gatherer,Larvae,NA,4,5,1
BUL-01,A,BUL-01-A,2025-10-03,Arthropoda,Hexapoda,Insecta,Trichoptera,Hydropsychidae,NA,NA,Hydropsyche,Hydropsyche,115453,UV,Collector-Filterer,Larvae,NA,156,5,1
BUL-01,A,BUL-01-A,2025-10-03,Arthropoda,Hexapoda,Insecta,Trichoptera,Hydropsychidae,NA,NA,Cheumatopsyche,Cheumatopsyche,115408,Unclassified,Collector-Filterer,Larvae,NA,41,5,1
BUL-01,A,BUL-01-A,2025-10-03,Arthropoda,Hexapoda,Insecta,Trichoptera,Psychomyiidae,NA,NA,Psychomyia,Psychomyia,115335,Unclassified,Collector-Gatherer,Larvae,NA,4,5,1
BUL-01,A,BUL-01-A,2025-10-03,Arthropoda,Hexapoda,Insecta,Trichoptera,Lepidostomatidae,NA,NA,Lepidostoma,Lepidostoma,116794,UV,Shredder-Herbivore,Larvae,NA,13,5,1
BUL-01,A,BUL-01-A,2025-10-03,Arthropoda,Hexapoda,Insecta,Trichoptera,Glossosomatidae,NA,NA,Glossosoma,Glossosoma,117159,Unclassified,Scraper,Larvae,NA,1,5,1
BUL-01,A,BUL-01-A,2025-10-03,Arthropoda,Hexapoda,Insecta,Trichoptera,Hydroptilidae,NA,NA,Hydroptila,Hydroptila,115641,UV,Piercer-Herbivore,Larvae,NA,1,5,1
BUL-01,A,BUL-01-A,2025-10-03,Arthropoda,Hexapoda,Insecta,Ephemeroptera,Leptophlebiidae,NA,NA,Neoleptophlebia,Neoleptophlebia,101095A,NA,Collector-Gatherer,Larvae,NA,3,5,1
BUL-01,A,BUL-01-A,2025-10-03,Arthropoda,Hexapoda,Insecta,Ephemeroptera,Heptageniidae,NA,NA,Rhithrogena,Rhithrogena,100572,Unclassified,Scraper,Larvae,NA,2,5,1
BUL-01,A,BUL-01-A,2025-10-03,Arthropoda,Hexapoda,Insecta,Ephemeroptera,Baetidae,NA,NA,Baetis,Baetis,100800,MV,Collector-Gatherer,Juvenile/Damaged,NA,2,5,1
BUL-01,A,BUL-01-A,2025-10-03,Arthropoda,Hexapoda,Insecta,Plecoptera,Chloroperlidae,NA,NA,Sweltsa,Sweltsa,103273,SV,Predator,Larvae,NA,1,5,1
BUL-01,A,BUL-01-A,2025-10-03,Arthropoda,Hexapoda,Insecta,Plecoptera,Chloroperlidae,NA,NA,Haploperla,Haploperla,103260,Unclassified,Predator,Larvae,NA,4,5,1
BUL-01,A,BUL-01-A,2025-10-03,Arthropoda,Hexapoda,Insecta,Plecoptera,Perlidae,NA,NA,Hesperoperla,Hesperoperla,102971,Unclassified,Predator,Larvae,NA,1,5,1
BUL-01,A,BUL-01-A,2025-10-03,Arthropoda,Hexapoda,Insecta,Plecoptera,Pteronarcyidae,NA,NA,Pteronarcys,Pteronarcys,102471,Unclassified,Omnivore,Larvae,NA,2,5,1
BUL-01,A,BUL-01-A,2025-10-03,Arthropoda,Hexapoda,Insecta,Plecoptera,Perlodidae,NA,NA,Isoperla,Isoperla,102995,UV,Predator,Larvae,NA,9,5,1
BUL-01,A,BUL-01-A,2025-10-03,Arthropoda,Hexapoda,Insecta,Plecoptera,Perlodidae,NA,NA,Isogenoides,Isogenoides,103124,Unclassified,Predator,Larvae,NA,1,5,1
BUL-01,A,BUL-01-A,2025-10-03,Arthropoda,Hexapoda,Insecta,Coleoptera,Elmidae,NA,NA,Optioservus,Optioservus,114177,SV,Scraper,Larvae,NA,10,5,1
BUL-01,A,BUL-01-A,2025-10-03,Arthropoda,Hexapoda,Insecta,Coleoptera,Elmidae,NA,NA,Optioservus,Optioservus,114177,SV,Scraper,Adult,NA,1,5,1
BUL-01,A,BUL-01-A,2025-10-03,Arthropoda,Chelicerata,Arachnida,Trombidiformes,Sperchontidae,NA,NA,Sperchon,Sperchon,83006,Unclassified,Predator,Adult,NA,2,5,1
BUL-01,A,BUL-01-A,2025-10-03,Arthropoda,Chelicerata,Arachnida,Trombidiformes,Lebertiidae,NA,NA,Lebertia,Lebertia,83034,Unclassified,Predator,Adult,NA,1,5,1
BUL-01,A,BUL-01-A,2025-10-03,Arthropoda,Chelicerata,Arachnida,Trombidiformes,Torrenticolidae,NA,NA,Torrenticola,Torrenticola,83254,Unclassified,Predator,Adult,NA,1,5,1
BUL-01,A,BUL-01-A,2025-10-03,Arthropoda,Chelicerata,Arachnida,Trombidiformes,Hygrobatidae,NA,NA,Atractides,Atractides,83282,Unclassified,Predator,Adult,NA,3,5,1
BUL-01,A,BUL-01-A,2025-10-03,Arthropoda,Hexapoda,Insecta,Diptera,Empididae,NA,NA,Hemerodromia,Hemerodromia,136327,MV,Predator,Larvae,NA,1,5,1
BUL-01,A,BUL-01-A,2025-10-03,Arthropoda,Hexapoda,Insecta,Diptera,Simuliidae,NA,NA,Simulium,Simulium,126774,MV,Collector-Filterer,Larvae,NA,1,5,1
BUL-01,A,BUL-01-A,2025-10-03,Arthropoda,Hexapoda,Insecta,Diptera,Tipulidae,NA,NA,Antocha,Antocha,119656,NA,Collector-Gatherer,Larvae,NA,1,5,1
BUL-01,A,BUL-01-A,2025-10-03,Arthropoda,Hexapoda,Insecta,Diptera,Limoniidae,NA,NA,Eloeophila,Eloeophila,NA,NA,Predator,Larvae,NA,2,5,1
BUL-01,A,BUL-01-A,2025-10-03,Mollusca,NA,Gastropoda,Basommatophora,Planorbidae,NA,NA,Planorbula,Planorbula,NA,UV,Scraper,None,NA,1,5,1
BUL-01,A,BUL-01-A,2025-10-03,Arthropoda,Hexapoda,Insecta,Trichoptera,NA,NA,NA,Trichoptera,Trichoptera,115095,NA,NA,Juvenile/Damaged,ND,3,5,1
BUL-01,A,BUL-01-A,2025-10-03,Arthropoda,Hexapoda,Insecta,Ephemeroptera,NA,NA,NA,Ephemeroptera,Ephemeroptera,100502,NA,Collector-Gatherer,Juvenile/Damaged,ND,2,5,1
BUL-01,A,BUL-01-A,2025-10-03,Arthropoda,Hexapoda,Insecta,Plecoptera,NA,NA,NA,Plecoptera,Plecoptera,102467,Unclassified,NA,Juvenile/Damaged,ND,1,5,1
BUL-01,A,BUL-01-A,2025-10-03,Nemata,NA,NA,NA,NA,NA,NA,Nemata,Nemata,563956,NA,Shredder-Herbivore,None,NA,1,5,1
BUL-01,B,BUL-01-B,2025-10-03,Arthropoda,Hexapoda,Insecta,Diptera,Chironomidae,NA,NA,Chironomidae,Chironomidae,127917,NA,NA,Pupa,ND,1,5,2
BUL-01,B,BUL-01-B,2025-10-03,Arthropoda,Hexapoda,Insecta,Trichoptera,Hydropsychidae,NA,NA,Hydropsychidae,Hydropsychidae,115398,Unclassified,Collector-Filterer,Juvenile/Damaged,ND,3,5,2
BUL-01,B,BUL-01-B,2025-10-03,Arthropoda,Hexapoda,Insecta,Ephemeroptera,Baetidae,NA,NA,Baetidae,Baetidae,100755,Unclassified,Collector-Gatherer,Juvenile/Damaged,NA,2,5,2
BUL-01,B,BUL-01-B,2025-10-03,Arthropoda,Hexapoda,Insecta,Ephemeroptera,Ephemerellidae,NA,NA,Ephemerellidae,Ephemerellidae,101232,Unclassified,Collector-Gatherer,Juvenile/Damaged,ND,29,5,2
BUL-01,B,BUL-01-B,2025-10-03,Arthropoda,Hexapoda,Insecta,Ephemeroptera,Leptophlebiidae,NA,NA,Leptophlebiidae,Leptophlebiidae,101095,Unclassified,Collector-Gatherer,Juvenile/Damaged,ND,18,5,2
BUL-01,B,BUL-01-B,2025-10-03,Arthropoda,Hexapoda,Insecta,Ephemeroptera,Heptageniidae,NA,NA,Heptageniidae,Heptageniidae,100504,Unclassified,Scraper,Juvenile/Damaged,ND,21,5,2
BUL-01,B,BUL-01-B,2025-10-03,Arthropoda,Hexapoda,Insecta,Coleoptera,Elmidae,NA,NA,Elmidae,Elmidae,114093,SV,Collector-Gatherer,Juvenile/Damaged,ND,6,5,2
BUL-01,B,BUL-01-B,2025-10-03,Annelida,Clitellata,Oligochaeta,Tubificida,Naididae,NA,NA,Nais,Nais,68946,NA,Collector-Gatherer,None,NA,15,5,2
BUL-01,B,BUL-01-B,2025-10-03,Annelida,Clitellata,Oligochaeta,Lumbriculida,Lumbriculidae,NA,NA,Lumbriculus,Lumbriculus,68441,NA,Collector-Gatherer,None,NA,17,5,2
BUL-01,B,BUL-01-B,2025-10-03,Arthropoda,Hexapoda,Insecta,Diptera,Chironomidae,Orthocladiinae,NA,Tvetenia,Tvetenia,129197,NA,Collector-Gatherer,Larvae,NA,16,5,2
BUL-01,B,BUL-01-B,2025-10-03,Arthropoda,Hexapoda,Insecta,Diptera,Chironomidae,Chironominae,Chironomini,Microtendipes,Microtendipes,129535,NA,Collector-Filterer,Larvae,NA,3,5,2
BUL-01,B,BUL-01-B,2025-10-03,Arthropoda,Hexapoda,Insecta,Diptera,Chironomidae,Chironominae,Chironomini,Polypedilum,Polypedilum,129657,NA,Collector-Gatherer,Larvae,NA,6,5,2
BUL-01,B,BUL-01-B,2025-10-03,Arthropoda,Hexapoda,Insecta,Diptera,Chironomidae,Tanypodinae,Pentaneurini,Thienemannimyia group,Thienemannimyia group,127917N,NA,Predator,Larvae,NA,2,5,2
BUL-01,B,BUL-01-B,2025-10-03,Arthropoda,Hexapoda,Insecta,Diptera,Chironomidae,Orthocladiinae,NA,Orthocladius complex,Orthocladius complex,128874A,NA,Collector-Gatherer,Larvae,NA,8,5,2
BUL-01,B,BUL-01-B,2025-10-03,Arthropoda,Hexapoda,Insecta,Diptera,Chironomidae,Diamesinae,Diamesini,Diamesa,Diamesa,128355,NA,Collector-Gatherer,Larvae,NA,1,5,2
BUL-01,B,BUL-01-B,2025-10-03,Arthropoda,Hexapoda,Insecta,Diptera,Chironomidae,Chironominae,Tanytarsini,Micropsectra,Micropsectra,129890,NA,Collector-Gatherer,Larvae,NA,21,5,2
BUL-01,B,BUL-01-B,2025-10-03,Arthropoda,Hexapoda,Insecta,Diptera,Chironomidae,Chironominae,Tanytarsini,Sublettea,Sublettea,129975,NA,Collector-Filterer,Larvae,NA,9,5,2
BUL-01,B,BUL-01-B,2025-10-03,Arthropoda,Hexapoda,Insecta,Trichoptera,Hydropsychidae,NA,NA,Arctopsyche,Arctopsyche,115529,Unclassified,Predator,Larvae,NA,1,5,2
BUL-01,B,BUL-01-B,2025-10-03,Arthropoda,Hexapoda,Insecta,Trichoptera,Hydropsychidae,NA,NA,Hydropsyche,Hydropsyche,115453,UV,Collector-Filterer,Larvae,NA,52,5,2
BUL-01,B,BUL-01-B,2025-10-03,Arthropoda,Hexapoda,Insecta,Trichoptera,Hydropsychidae,NA,NA,Cheumatopsyche,Cheumatopsyche,115408,Unclassified,Collector-Filterer,Larvae,NA,23,5,2
BUL-01,B,BUL-01-B,2025-10-03,Arthropoda,Hexapoda,Insecta,Trichoptera,Lepidostomatidae,NA,NA,Lepidostoma,Lepidostoma,116794,UV,Shredder-Herbivore,Larvae,NA,5,5,2
BUL-01,B,BUL-01-B,2025-10-03,Arthropoda,Hexapoda,Insecta,Trichoptera,Glossosomatidae,NA,NA,Glossosoma,Glossosoma,117159,Unclassified,Scraper,Larvae,NA,2,5,2
BUL-01,B,BUL-01-B,2025-10-03,Arthropoda,Hexapoda,Insecta,Ephemeroptera,Baetidae,NA,NA,Baetis,Baetis,100800,MV,Collector-Gatherer,Juvenile/Damaged,NA,1,5,2
BUL-01,B,BUL-01-B,2025-10-03,Arthropoda,Hexapoda,Insecta,Ephemeroptera,Baetidae,NA,NA,Diphetor hageni,Diphetor hageni,568598,Unclassified,Collector-Gatherer,Larvae,NA,2,5,2
BUL-01,B,BUL-01-B,2025-10-03,Arthropoda,Hexapoda,Insecta,Ephemeroptera,Ephemerellidae,NA,NA,Ephemerella,Ephemerella,101233,UV,Collector-Gatherer,Larvae,NA,3,5,2
BUL-01,B,BUL-01-B,2025-10-03,Arthropoda,Hexapoda,Insecta,Ephemeroptera,Leptophlebiidae,NA,NA,Neoleptophlebia,Neoleptophlebia,101095A,NA,Collector-Gatherer,Larvae,NA,20,5,2
BUL-01,B,BUL-01-B,2025-10-03,Arthropoda,Hexapoda,Insecta,Ephemeroptera,Heptageniidae,NA,NA,Epeorus,Epeorus,100626,Unclassified,Scraper,Larvae,NA,1,5,2
BUL-01,B,BUL-01-B,2025-10-03,Arthropoda,Hexapoda,Insecta,Ephemeroptera,Heptageniidae,NA,NA,Rhithrogena,Rhithrogena,100572,Unclassified,Scraper,Larvae,NA,12,5,2
BUL-01,B,BUL-01-B,2025-10-03,Arthropoda,Hexapoda,Insecta,Plecoptera,Chloroperlidae,NA,NA,Haploperla,Haploperla,103260,Unclassified,Predator,Larvae,NA,2,5,2
BUL-01,B,BUL-01-B,2025-10-03,Arthropoda,Hexapoda,Insecta,Plecoptera,Pteronarcyidae,NA,NA,Pteronarcys,Pteronarcys,102471,Unclassified,Omnivore,Larvae,NA,1,5,2
BUL-01,B,BUL-01-B,2025-10-03,Arthropoda,Chelicerata,Arachnida,Trombidiformes,Hygrobatidae,NA,NA,Atractides,Atractides,83282,Unclassified,Predator,Adult,NA,2,5,2
BUL-01,B,BUL-01-B,2025-10-03,Arthropoda,Chelicerata,Arachnida,Trombidiformes,Hydryphantidae,NA,NA,Protzia,Protzia,83170,Unclassified,Predator,Adult,NA,1,5,2
BUL-01,B,BUL-01-B,2025-10-03,Arthropoda,Chelicerata,Arachnida,Trombidiformes,Lebertiidae,NA,NA,Lebertia,Lebertia,83034,Unclassified,Predator,Adult,NA,6,5,2
BUL-01,B,BUL-01-B,2025-10-03,Arthropoda,Chelicerata,Arachnida,Trombidiformes,Sperchontidae,NA,NA,Sperchon,Sperchon,83006,Unclassified,Predator,Adult,NA,1,5,2
BUL-01,B,BUL-01-B,2025-10-03,Arthropoda,Hexapoda,Insecta,Coleoptera,Elmidae,NA,NA,Optioservus,Optioservus,114177,SV,Scraper,Larvae,NA,4,5,2
BUL-01,B,BUL-01-B,2025-10-03,Arthropoda,Hexapoda,Insecta,Plecoptera,Perlodidae,NA,NA,Isoperla,Isoperla,102995,UV,Predator,Larvae,NA,9,5,2
BUL-01,B,BUL-01-B,2025-10-03,Arthropoda,Hexapoda,Insecta,Trichoptera,NA,NA,NA,Trichoptera,Trichoptera,115095,NA,NA,Juvenile/Damaged,ND,1,5,2
BUL-01,B,BUL-01-B,2025-10-03,Arthropoda,Hexapoda,Insecta,Ephemeroptera,NA,NA,NA,Ephemeroptera,Ephemeroptera,100502,NA,Collector-Gatherer,Juvenile/Damaged,ND,2,5,2
BUL-01,B,BUL-01-B,2025-10-03,Arthropoda,Chelicerata,Arachnida,Trombidiformes,NA,NA,NA,Trombidiformes,Trombidiformes,82769,NA,Predator,Juvenile/Damaged,NA,1,5,2
BUL-01,B,BUL-01-B,2025-10-03,Nemata,NA,NA,NA,NA,NA,NA,Nemata,Nemata,563956,NA,Shredder-Herbivore,None,NA,1,5,2
BUL-01,C,BUL-01-C,2025-10-03,Arthropoda,Hexapoda,Insecta,Trichoptera,Hydropsychidae,NA,NA,Hydropsychidae,Hydropsychidae,115398,Unclassified,Collector-Filterer,Juvenile/Damaged,ND,6,5,3
BUL-01,C,BUL-01-C,2025-10-03,Arthropoda,Hexapoda,Insecta,Trichoptera,Glossosomatidae,NA,NA,Glossosomatidae,Glossosomatidae,117120,Unclassified,Scraper,Juvenile/Damaged,ND,3,5,3
BUL-01,C,BUL-01-C,2025-10-03,Arthropoda,Hexapoda,Insecta,Ephemeroptera,Leptophlebiidae,NA,NA,Leptophlebiidae,Leptophlebiidae,101095,Unclassified,Collector-Gatherer,Juvenile/Damaged,ND,21,5,3
BUL-01,C,BUL-01-C,2025-10-03,Arthropoda,Hexapoda,Insecta,Ephemeroptera,Heptageniidae,NA,NA,Heptageniidae,Heptageniidae,100504,Unclassified,Scraper,Juvenile/Damaged,NA,18,5,3
BUL-01,C,BUL-01-C,2025-10-03,Arthropoda,Hexapoda,Insecta,Ephemeroptera,Ephemerellidae,NA,NA,Ephemerellidae,Ephemerellidae,101232,Unclassified,Collector-Gatherer,Juvenile/Damaged,ND,45,5,3
BUL-01,C,BUL-01-C,2025-10-03,Arthropoda,Hexapoda,Insecta,Plecoptera,Perlodidae,NA,NA,Perlodidae,Perlodidae,102994,Unclassified,Predator,Juvenile/Damaged,ND,1,5,3
BUL-01,C,BUL-01-C,2025-10-03,Arthropoda,Hexapoda,Insecta,Plecoptera,Capniidae,NA,NA,Capniidae,Capniidae,102643,Unclassified,Shredder-Herbivore,Juvenile/Damaged,NA,1,5,3
BUL-01,C,BUL-01-C,2025-10-03,Arthropoda,Hexapoda,Insecta,Coleoptera,Elmidae,NA,NA,Elmidae,Elmidae,114093,SV,Collector-Gatherer,Juvenile/Damaged,ND,6,5,3
BUL-01,C,BUL-01-C,2025-10-03,Mollusca,NA,Gastropoda,Basommatophora,Lymnaeidae,NA,NA,Lymnaeidae,Lymnaeidae,76483,NA,Scraper,Juvenile/Damaged,NA,1,5,3
BUL-01,C,BUL-01-C,2025-10-03,Arthropoda,Hexapoda,Insecta,Diptera,Ephydridae,NA,NA,Ephydridae,Ephydridae,146893,NA,Shredder-Herbivore,Pupa,NA,1,5,3
BUL-01,C,BUL-01-C,2025-10-03,Arthropoda,Hexapoda,Insecta,Diptera,Chironomidae,NA,NA,Chironomidae,Chironomidae,127917,NA,NA,Pupa,ND,6,5,3
BUL-01,C,BUL-01-C,2025-10-03,Arthropoda,Hexapoda,Insecta,Trichoptera,Hydropsychidae,NA,NA,Hydropsyche,Hydropsyche,115453,UV,Collector-Filterer,Larvae,NA,96,5,3
BUL-01,C,BUL-01-C,2025-10-03,Arthropoda,Hexapoda,Insecta,Trichoptera,Hydropsychidae,NA,NA,Cheumatopsyche,Cheumatopsyche,115408,Unclassified,Collector-Filterer,Larvae,NA,34,5,3
BUL-01,C,BUL-01-C,2025-10-03,Arthropoda,Hexapoda,Insecta,Trichoptera,Psychomyiidae,NA,NA,Psychomyia,Psychomyia,115335,Unclassified,Collector-Gatherer,Larvae,NA,5,5,3
BUL-01,C,BUL-01-C,2025-10-03,Arthropoda,Hexapoda,Insecta,Trichoptera,Lepidostomatidae,NA,NA,Lepidostoma,Lepidostoma,116794,UV,Shredder-Herbivore,Larvae,NA,8,5,3
BUL-01,C,BUL-01-C,2025-10-03,Arthropoda,Hexapoda,Insecta,Trichoptera,Glossosomatidae,NA,NA,Glossosoma,Glossosoma,117159,Unclassified,Scraper,Larvae,NA,2,5,3
BUL-01,C,BUL-01-C,2025-10-03,Arthropoda,Hexapoda,Insecta,Ephemeroptera,Baetidae,NA,NA,Baetis,Baetis,100800,MV,Collector-Gatherer,Juvenile/Damaged,NA,2,5,3
BUL-01,C,BUL-01-C,2025-10-03,Arthropoda,Hexapoda,Insecta,Ephemeroptera,Baetidae,NA,NA,Diphetor hageni,Diphetor hageni,568598,Unclassified,Collector-Gatherer,Larvae,NA,1,5,3
BUL-01,C,BUL-01-C,2025-10-03,Arthropoda,Hexapoda,Insecta,Ephemeroptera,Ameletidae,NA,NA,Ameletus,Ameletus,100996,UV,Collector-Gatherer,Larvae,NA,1,5,3
BUL-01,C,BUL-01-C,2025-10-03,Arthropoda,Hexapoda,Insecta,Ephemeroptera,Leptophlebiidae,NA,NA,Neoleptophlebia,Neoleptophlebia,101095A,NA,Collector-Gatherer,Larvae,NA,50,5,3
BUL-01,C,BUL-01-C,2025-10-03,Arthropoda,Hexapoda,Insecta,Ephemeroptera,Heptageniidae,NA,NA,Rhithrogena,Rhithrogena,100572,Unclassified,Scraper,Larvae,NA,16,5,3
BUL-01,C,BUL-01-C,2025-10-03,Arthropoda,Hexapoda,Insecta,Ephemeroptera,Ephemerellidae,NA,NA,Ephemerella,Ephemerella,101233,UV,Collector-Gatherer,Larvae,NA,16,5,3
BUL-01,C,BUL-01-C,2025-10-03,Arthropoda,Hexapoda,Insecta,Plecoptera,Perlidae,NA,NA,Hesperoperla,Hesperoperla,102971,Unclassified,Predator,Larvae,NA,1,5,3
BUL-01,C,BUL-01-C,2025-10-03,Arthropoda,Hexapoda,Insecta,Plecoptera,Chloroperlidae,NA,NA,Haploperla,Haploperla,103260,Unclassified,Predator,Larvae,NA,2,5,3
BUL-01,C,BUL-01-C,2025-10-03,Arthropoda,Hexapoda,Insecta,Plecoptera,Chloroperlidae,NA,NA,Sweltsa,Sweltsa,103273,SV,Predator,Larvae,NA,1,5,3
BUL-01,C,BUL-01-C,2025-10-03,Arthropoda,Hexapoda,Insecta,Plecoptera,Perlodidae,NA,NA,Isoperla,Isoperla,102995,UV,Predator,Larvae,NA,14,5,3
BUL-01,C,BUL-01-C,2025-10-03,Arthropoda,Hexapoda,Insecta,Plecoptera,Pteronarcyidae,NA,NA,Pteronarcys,Pteronarcys,102471,Unclassified,Omnivore,Larvae,NA,3,5,3
BUL-01,C,BUL-01-C,2025-10-03,Arthropoda,Chelicerata,Arachnida,Trombidiformes,Feltriidae,NA,NA,Feltria,Feltria,83314,Unclassified,Predator,Adult,NA,1,5,3
BUL-01,C,BUL-01-C,2025-10-03,Arthropoda,Chelicerata,Arachnida,Trombidiformes,Lebertiidae,NA,NA,Lebertia,Lebertia,83034,Unclassified,Predator,Adult,NA,6,5,3
BUL-01,C,BUL-01-C,2025-10-03,Arthropoda,Chelicerata,Arachnida,Trombidiformes,Hygrobatidae,NA,NA,Atractides,Atractides,83282,Unclassified,Predator,Adult,NA,3,5,3
BUL-01,C,BUL-01-C,2025-10-03,Arthropoda,Chelicerata,Arachnida,Trombidiformes,Sperchontidae,NA,NA,Sperchon,Sperchon,83006,Unclassified,Predator,Adult,NA,4,5,3
BUL-01,C,BUL-01-C,2025-10-03,Arthropoda,Hexapoda,Insecta,Coleoptera,Elmidae,NA,NA,Optioservus,Optioservus,114177,SV,Scraper,Larvae,NA,6,5,3
BUL-01,C,BUL-01-C,2025-10-03,Arthropoda,Hexapoda,Insecta,Coleoptera,Elmidae,NA,NA,Cleptelmis,Cleptelmis,114164,NA,Collector-Gatherer,Larvae,NA,1,5,3
BUL-01,C,BUL-01-C,2025-10-03,Arthropoda,Hexapoda,Insecta,Diptera,Athericidae,NA,NA,Atherix,Atherix,130929,NA,Predator,Larvae,NA,1,5,3
BUL-01,C,BUL-01-C,2025-10-03,Arthropoda,Hexapoda,Insecta,Diptera,Tipulidae,NA,NA,Hexatoma,Hexatoma,120094,NA,Predator,Larvae,NA,2,5,3
BUL-01,C,BUL-01-C,2025-10-03,Arthropoda,Hexapoda,Insecta,Diptera,Empididae,NA,NA,Hemerodromia,Hemerodromia,136327,MV,Predator,Larvae,NA,2,5,3
BUL-01,C,BUL-01-C,2025-10-03,Annelida,Clitellata,Oligochaeta,Tubificida,Naididae,NA,NA,Nais,Nais,68946,NA,Collector-Gatherer,None,NA,24,5,3
BUL-01,C,BUL-01-C,2025-10-03,Annelida,Clitellata,Oligochaeta,Lumbriculida,Lumbriculidae,NA,NA,Lumbriculus,Lumbriculus,68441,NA,Collector-Gatherer,None,NA,24,5,3
BUL-01,C,BUL-01-C,2025-10-03,Arthropoda,Hexapoda,Insecta,Diptera,Chironomidae,Orthocladiinae,NA,Brillia,Brillia,128477,NA,Shredder-Herbivore,Larvae,NA,1,5,3
BUL-01,C,BUL-01-C,2025-10-03,Arthropoda,Hexapoda,Insecta,Diptera,Chironomidae,Orthocladiinae,NA,Tvetenia,Tvetenia,129197,NA,Collector-Gatherer,Larvae,NA,54,5,3
BUL-01,C,BUL-01-C,2025-10-03,Arthropoda,Hexapoda,Insecta,Diptera,Chironomidae,Orthocladiinae,NA,Eukiefferiella,Eukiefferiella,128689,NA,Omnivore,Larvae,NA,3,5,3
BUL-01,C,BUL-01-C,2025-10-03,Arthropoda,Hexapoda,Insecta,Diptera,Chironomidae,Tanypodinae,Pentaneurini,Thienemannimyia group,Thienemannimyia group,127917N,NA,Predator,Larvae,NA,6,5,3
BUL-01,C,BUL-01-C,2025-10-03,Arthropoda,Hexapoda,Insecta,Diptera,Chironomidae,Diamesinae,Diamesini,Diamesa,Diamesa,128355,NA,Collector-Gatherer,Larvae,NA,4,5,3
BUL-01,C,BUL-01-C,2025-10-03,Arthropoda,Hexapoda,Insecta,Diptera,Chironomidae,Orthocladiinae,NA,Orthocladius complex,Orthocladius complex,128874A,NA,Collector-Gatherer,Larvae,NA,66,5,3
BUL-01,C,BUL-01-C,2025-10-03,Arthropoda,Hexapoda,Insecta,Diptera,Chironomidae,Chironominae,Chironomini,Microtendipes,Microtendipes,129535,NA,Collector-Filterer,Larvae,NA,12,5,3
BUL-01,C,BUL-01-C,2025-10-03,Arthropoda,Hexapoda,Insecta,Diptera,Chironomidae,Chironominae,Chironomini,Polypedilum,Polypedilum,129657,NA,Collector-Gatherer,Larvae,NA,18,5,3
BUL-01,C,BUL-01-C,2025-10-03,Arthropoda,Hexapoda,Insecta,Diptera,Chironomidae,Chironominae,Tanytarsini,Sublettea,Sublettea,129975,NA,Collector-Filterer,Larvae,NA,16,5,3
BUL-01,C,BUL-01-C,2025-10-03,Arthropoda,Hexapoda,Insecta,Diptera,Chironomidae,Chironominae,Tanytarsini,Micropsectra,Micropsectra,129890,NA,Collector-Gatherer,Larvae,NA,22,5,3
BUL-01,C,BUL-01-C,2025-10-03,Arthropoda,Hexapoda,Insecta,Trichoptera,NA,NA,NA,Trichoptera,Trichoptera,115095,NA,NA,Juvenile/Damaged,ND,3,5,3
BUL-01,C,BUL-01-C,2025-10-03,Arthropoda,Hexapoda,Insecta,Plecoptera,NA,NA,NA,Plecoptera,Plecoptera,102467,Unclassified,NA,Juvenile/Damaged,ND,1,5,3
BUL-01,C,BUL-01-C,2025-10-03,Arthropoda,Chelicerata,Arachnida,Trombidiformes,NA,NA,NA,Trombidiformes,Trombidiformes,82769,NA,Predator,Juvenile/Damaged,NA,1,5,3
BUL-01,C,BUL-01-C,2025-10-03,Nemata,NA,NA,NA,NA,NA,NA,Nemata,Nemata,563956,NA,Shredder-Herbivore,None,NA,1,5,3
BUL-04,A,BUL-04-A,2025-10-02,Arthropoda,Hexapoda,Insecta,Ephemeroptera,Heptageniidae,NA,NA,Heptageniidae,Heptageniidae,100504,Unclassified,Scraper,Juvenile/Damaged,ND,23,5,1
BUL-04,A,BUL-04-A,2025-10-02,Arthropoda,Hexapoda,Insecta,Ephemeroptera,Ephemerellidae,NA,NA,Ephemerellidae,Ephemerellidae,101232,Unclassified,Collector-Gatherer,Juvenile/Damaged,ND,17,5,1
BUL-04,A,BUL-04-A,2025-10-02,Arthropoda,Hexapoda,Insecta,Ephemeroptera,Leptophlebiidae,NA,NA,Leptophlebiidae,Leptophlebiidae,101095,Unclassified,Collector-Gatherer,Juvenile/Damaged,ND,56,5,1
BUL-04,A,BUL-04-A,2025-10-02,Arthropoda,Hexapoda,Insecta,Plecoptera,Pteronarcyidae,NA,NA,Pteronarcyidae,Pteronarcyidae,102470,Unclassified,Shredder-Herbivore,Juvenile/Damaged,ND,1,5,1
BUL-04,A,BUL-04-A,2025-10-02,Arthropoda,Hexapoda,Insecta,Plecoptera,Capniidae,NA,NA,Capniidae,Capniidae,102643,Unclassified,Shredder-Herbivore,Juvenile/Damaged,NA,4,5,1
BUL-04,A,BUL-04-A,2025-10-02,Arthropoda,Hexapoda,Insecta,Plecoptera,Nemouridae,NA,NA,Nemouridae,Nemouridae,102517,Unclassified,Shredder-Herbivore,Juvenile/Damaged,NA,3,5,1
BUL-04,A,BUL-04-A,2025-10-02,Arthropoda,Hexapoda,Insecta,Plecoptera,Chloroperlidae,NA,NA,Chloroperlidae,Chloroperlidae,103202,Unclassified,Predator,Juvenile/Damaged,ND,7,5,1
BUL-04,A,BUL-04-A,2025-10-02,Arthropoda,Hexapoda,Insecta,Plecoptera,Perlodidae,NA,NA,Perlodidae,Perlodidae,102994,Unclassified,Predator,Juvenile/Damaged,ND,2,5,1
BUL-04,A,BUL-04-A,2025-10-02,Arthropoda,Hexapoda,Insecta,Coleoptera,Elmidae,NA,NA,Elmidae,Elmidae,114093,SV,Collector-Gatherer,Juvenile/Damaged,ND,9,5,1
BUL-04,A,BUL-04-A,2025-10-02,Arthropoda,Hexapoda,Insecta,Coleoptera,Haliplidae,NA,NA,Haliplidae,Haliplidae,111857,NA,NA,Juvenile/Damaged,NA,1,5,1
BUL-04,A,BUL-04-A,2025-10-02,Arthropoda,Chelicerata,Arachnida,Trombidiformes,Torrenticolidae,NA,NA,Torrenticolidae,Torrenticolidae,83249,Unclassified,Predator,Juvenile/Damaged,NA,1,5,1
BUL-04,A,BUL-04-A,2025-10-02,Arthropoda,Hexapoda,Insecta,Diptera,Chironomidae,NA,NA,Chironomidae,Chironomidae,127917,NA,NA,Pupa,ND,1,5,1
BUL-04,A,BUL-04-A,2025-10-02,Arthropoda,Hexapoda,Insecta,Trichoptera,Hydroptilidae,NA,NA,Hydroptila,Hydroptila,115641,UV,Piercer-Herbivore,Larvae,NA,13,5,1
BUL-04,A,BUL-04-A,2025-10-02,Arthropoda,Hexapoda,Insecta,Trichoptera,Lepidostomatidae,NA,NA,Lepidostoma,Lepidostoma,116794,UV,Shredder-Herbivore,Larvae,NA,5,5,1
BUL-04,A,BUL-04-A,2025-10-02,Arthropoda,Hexapoda,Insecta,Trichoptera,Hydropsychidae,NA,NA,Hydropsyche,Hydropsyche,115453,UV,Collector-Filterer,Larvae,NA,21,5,1
BUL-04,A,BUL-04-A,2025-10-02,Arthropoda,Hexapoda,Insecta,Trichoptera,Hydropsychidae,NA,NA,Cheumatopsyche,Cheumatopsyche,115408,Unclassified,Collector-Filterer,Larvae,NA,5,5,1
BUL-04,A,BUL-04-A,2025-10-02,Arthropoda,Hexapoda,Insecta,Trichoptera,Limnephilidae,NA,NA,Dicosmoecus,Dicosmoecus,116265,Unclassified,Omnivore,Larvae,NA,1,5,1
BUL-04,A,BUL-04-A,2025-10-02,Arthropoda,Hexapoda,Insecta,Ephemeroptera,Heptageniidae,NA,NA,Epeorus,Epeorus,100626,Unclassified,Scraper,Larvae,NA,2,5,1
BUL-04,A,BUL-04-A,2025-10-02,Arthropoda,Hexapoda,Insecta,Ephemeroptera,Heptageniidae,NA,NA,Rhithrogena,Rhithrogena,100572,Unclassified,Scraper,Larvae,NA,9,5,1
BUL-04,A,BUL-04-A,2025-10-02,Arthropoda,Hexapoda,Insecta,Ephemeroptera,Ephemerellidae,NA,NA,Ephemerella,Ephemerella,101233,UV,Collector-Gatherer,Larvae,NA,5,5,1
BUL-04,A,BUL-04-A,2025-10-02,Arthropoda,Hexapoda,Insecta,Ephemeroptera,Leptophlebiidae,NA,NA,Neoleptophlebia,Neoleptophlebia,101095A,NA,Collector-Gatherer,Larvae,NA,19,5,1
BUL-04,A,BUL-04-A,2025-10-02,Arthropoda,Hexapoda,Insecta,Plecoptera,Pteronarcyidae,NA,NA,Pteronarcys,Pteronarcys,102471,Unclassified,Omnivore,Larvae,NA,3,5,1
BUL-04,A,BUL-04-A,2025-10-02,Arthropoda,Hexapoda,Insecta,Plecoptera,Chloroperlidae,NA,NA,Haploperla,Haploperla,103260,Unclassified,Predator,Larvae,NA,10,5,1
BUL-04,A,BUL-04-A,2025-10-02,Arthropoda,Hexapoda,Insecta,Plecoptera,Perlodidae,NA,NA,Isoperla,Isoperla,102995,UV,Predator,Larvae,NA,5,5,1
BUL-04,A,BUL-04-A,2025-10-02,Arthropoda,Hexapoda,Insecta,Plecoptera,Perlodidae,NA,NA,Skwala,Skwala,103102,UV,Predator,Larvae,NA,1,5,1
BUL-04,A,BUL-04-A,2025-10-02,Arthropoda,Hexapoda,Insecta,Diptera,Empididae,NA,NA,Hemerodromia,Hemerodromia,136327,MV,Predator,Larvae,NA,12,5,1
BUL-04,A,BUL-04-A,2025-10-02,Arthropoda,Hexapoda,Insecta,Coleoptera,Elmidae,NA,NA,Optioservus,Optioservus,114177,SV,Scraper,Larvae,NA,5,5,1
BUL-04,A,BUL-04-A,2025-10-02,Arthropoda,Hexapoda,Insecta,Coleoptera,Haliplidae,NA,NA,Brychius,Brychius,111947,Unclassified,Macrophyte-Herbivore,Adult,NA,1,5,1
BUL-04,A,BUL-04-A,2025-10-02,Arthropoda,Chelicerata,Arachnida,Trombidiformes,Lebertiidae,NA,NA,Lebertia,Lebertia,83034,Unclassified,Predator,Adult,NA,9,5,1
BUL-04,A,BUL-04-A,2025-10-02,Arthropoda,Chelicerata,Arachnida,Trombidiformes,Feltriidae,NA,NA,Feltria,Feltria,83314,Unclassified,Predator,Adult,NA,4,5,1
BUL-04,A,BUL-04-A,2025-10-02,Arthropoda,Chelicerata,Arachnida,Trombidiformes,Aturidae,NA,NA,Aturus,Aturus,82974,Unclassified,Predator,Adult,NA,1,5,1
BUL-04,A,BUL-04-A,2025-10-02,Arthropoda,Chelicerata,Arachnida,Trombidiformes,Hygrobatidae,NA,NA,Atractides,Atractides,83282,Unclassified,Predator,Adult,NA,1,5,1
BUL-04,A,BUL-04-A,2025-10-02,Arthropoda,Chelicerata,Arachnida,Trombidiformes,Sperchontidae,NA,NA,Sperchon,Sperchon,83006,Unclassified,Predator,Adult,NA,2,5,1
BUL-04,A,BUL-04-A,2025-10-02,Arthropoda,Chelicerata,Arachnida,Trombidiformes,Torrenticolidae,NA,NA,Testudacarus,Testudacarus,83250,Unclassified,Predator,Adult,NA,1,5,1
BUL-04,A,BUL-04-A,2025-10-02,Annelida,Clitellata,Oligochaeta,Tubificida,Naididae,NA,NA,Nais,Nais,68946,NA,Collector-Gatherer,None,NA,11,5,1
BUL-04,A,BUL-04-A,2025-10-02,Arthropoda,Chelicerata,Arachnida,Trombidiformes,Hydryphantidae,NA,NA,Protzia,Protzia,83170,Unclassified,Predator,Adult,NA,2,5,1
BUL-04,A,BUL-04-A,2025-10-02,Arthropoda,Hexapoda,Insecta,Diptera,Chironomidae,Chironominae,Tanytarsini,Micropsectra,Micropsectra,129890,NA,Collector-Gatherer,Larvae,NA,51,5,1
BUL-04,A,BUL-04-A,2025-10-02,Arthropoda,Hexapoda,Insecta,Diptera,Chironomidae,Chironominae,Tanytarsini,Rheotanytarsus,Rheotanytarsus,129952,NA,Collector-Filterer,Larvae,NA,8,5,1
BUL-04,A,BUL-04-A,2025-10-02,Arthropoda,Hexapoda,Insecta,Diptera,Chironomidae,Chironominae,Tanytarsini,Stempellinella,Stempellinella,129969,NA,Collector-Filterer,Larvae,NA,4,5,1
BUL-04,A,BUL-04-A,2025-10-02,Arthropoda,Hexapoda,Insecta,Diptera,Chironomidae,Chironominae,Tanytarsini,Sublettea,Sublettea,129975,NA,Collector-Filterer,Larvae,NA,1,5,1
BUL-04,A,BUL-04-A,2025-10-02,Arthropoda,Hexapoda,Insecta,Diptera,Chironomidae,Chironominae,Chironomini,Polypedilum,Polypedilum,129657,NA,Collector-Gatherer,Larvae,NA,6,5,1
BUL-04,A,BUL-04-A,2025-10-02,Arthropoda,Hexapoda,Insecta,Diptera,Chironomidae,Chironominae,Chironomini,Paralauterborniella nigrohalterale,Paralauterborniella nigrohalterale,129619,NA,Collector-Gatherer,Larvae,NA,1,5,1
BUL-04,A,BUL-04-A,2025-10-02,Arthropoda,Hexapoda,Insecta,Diptera,Chironomidae,Orthocladiinae,NA,Tvetenia,Tvetenia,129197,NA,Collector-Gatherer,Larvae,NA,3,5,1
BUL-04,A,BUL-04-A,2025-10-02,Arthropoda,Hexapoda,Insecta,Diptera,Chironomidae,Orthocladiinae,NA,Eukiefferiella,Eukiefferiella,128689,NA,Omnivore,Larvae,NA,3,5,1
BUL-04,A,BUL-04-A,2025-10-02,Arthropoda,Hexapoda,Insecta,Diptera,Chironomidae,Orthocladiinae,NA,Rheocricotopus,Rheocricotopus,129086,NA,Omnivore,Larvae,NA,1,5,1
BUL-04,A,BUL-04-A,2025-10-02,Arthropoda,Hexapoda,Insecta,Diptera,Chironomidae,Tanypodinae,Pentaneurini,Thienemannimyia group,Thienemannimyia group,127917N,NA,Predator,Larvae,NA,1,5,1
BUL-04,A,BUL-04-A,2025-10-02,Arthropoda,Hexapoda,Insecta,Diptera,Chironomidae,Orthocladiinae,NA,Orthocladius complex,Orthocladius complex,128874A,NA,Collector-Gatherer,Juvenile/Damaged,NA,80,5,1
BUL-04,A,BUL-04-A,2025-10-02,Arthropoda,Hexapoda,Insecta,Plecoptera,NA,NA,NA,Plecoptera,Plecoptera,102467,Unclassified,NA,Juvenile/Damaged,NA,1,5,1
BUL-04,A,BUL-04-A,2025-10-02,Nemata,NA,NA,NA,NA,NA,NA,Nemata,Nemata,563956,NA,Shredder-Herbivore,None,NA,1,5,1
BUL-04,A,BUL-04-A,2025-10-02,Arthropoda,Hexapoda,Insecta,Diptera,Chironomidae,Tanypodinae,NA,Tanypodinae,Tanypodinae,127994,NA,Predator,Juvenile/Damaged,ND,3,5,1
BUL-04,B,BUL-04-B,2025-10-02,Arthropoda,Chelicerata,Arachnida,Trombidiformes,Hygrobatidae,NA,NA,Atractides,Atractides,83282,Unclassified,Predator,Adult,NA,3,5,2
BUL-04,B,BUL-04-B,2025-10-02,Arthropoda,Chelicerata,Arachnida,Trombidiformes,Limnesiidae,NA,NA,Limnesia,Limnesia,83051,Unclassified,Predator,Adult,NA,1,5,2
BUL-04,B,BUL-04-B,2025-10-02,Arthropoda,Hexapoda,Insecta,Coleoptera,Elmidae,NA,NA,Optioservus,Optioservus,114177,SV,Scraper,Larvae,NA,3,5,2
BUL-04,B,BUL-04-B,2025-10-02,Arthropoda,Hexapoda,Insecta,Diptera,Empididae,NA,NA,Hemerodromia,Hemerodromia,136327,MV,Predator,Larvae,NA,1,5,2
BUL-04,B,BUL-04-B,2025-10-02,Arthropoda,Hexapoda,Insecta,Diptera,Athericidae,NA,NA,Atherix,Atherix,130929,NA,Predator,Larvae,NA,1,5,2
BUL-04,B,BUL-04-B,2025-10-02,Arthropoda,Hexapoda,Insecta,Coleoptera,Haliplidae,NA,NA,Brychius,Brychius,111947,Unclassified,Macrophyte-Herbivore,Adult,NA,1,5,2
BUL-04,B,BUL-04-B,2025-10-02,Nemata,NA,NA,NA,NA,NA,NA,Nemata,Nemata,563956,NA,Shredder-Herbivore,None,NA,1,5,2
BUL-04,B,BUL-04-B,2025-10-02,Arthropoda,Hexapoda,Insecta,Ephemeroptera,Ephemerellidae,NA,NA,Ephemerellidae,Ephemerellidae,101232,Unclassified,Collector-Gatherer,Juvenile/Damaged,ND,19,5,2
BUL-04,B,BUL-04-B,2025-10-02,Arthropoda,Hexapoda,Insecta,Ephemeroptera,Baetidae,NA,NA,Baetidae,Baetidae,100755,Unclassified,Collector-Gatherer,Juvenile/Damaged,ND,6,5,2
BUL-04,B,BUL-04-B,2025-10-02,Arthropoda,Hexapoda,Insecta,Ephemeroptera,Heptageniidae,NA,NA,Heptageniidae,Heptageniidae,100504,Unclassified,Scraper,Juvenile/Damaged,ND,22,5,2
BUL-04,B,BUL-04-B,2025-10-02,Arthropoda,Hexapoda,Insecta,Ephemeroptera,Leptophlebiidae,NA,NA,Leptophlebiidae,Leptophlebiidae,101095,Unclassified,Collector-Gatherer,Juvenile/Damaged,ND,69,5,2
BUL-04,B,BUL-04-B,2025-10-02,Arthropoda,Hexapoda,Insecta,Plecoptera,Capniidae,NA,NA,Capniidae,Capniidae,102643,Unclassified,Shredder-Herbivore,Juvenile/Damaged,NA,3,5,2
BUL-04,B,BUL-04-B,2025-10-02,Arthropoda,Hexapoda,Insecta,Plecoptera,Perlodidae,NA,NA,Perlodidae,Perlodidae,102994,Unclassified,Predator,Juvenile/Damaged,ND,1,5,2
BUL-04,B,BUL-04-B,2025-10-02,Arthropoda,Hexapoda,Insecta,Plecoptera,Nemouridae,NA,NA,Nemouridae,Nemouridae,102517,Unclassified,Shredder-Herbivore,Juvenile/Damaged,ND,1,5,2
BUL-04,B,BUL-04-B,2025-10-02,Arthropoda,Hexapoda,Insecta,Plecoptera,Chloroperlidae,NA,NA,Chloroperlidae,Chloroperlidae,103202,Unclassified,Predator,Juvenile/Damaged,ND,4,5,2
BUL-04,B,BUL-04-B,2025-10-02,Arthropoda,Hexapoda,Insecta,Odonata,Gomphidae,NA,NA,Gomphidae,Gomphidae,101664,Unclassified,Predator,Juvenile/Damaged,NA,1,5,2
BUL-04,B,BUL-04-B,2025-10-02,Arthropoda,Hexapoda,Insecta,Coleoptera,Elmidae,NA,NA,Elmidae,Elmidae,114093,SV,Collector-Gatherer,Juvenile/Damaged,ND,2,5,2
BUL-04,B,BUL-04-B,2025-10-02,Annelida,Clitellata,Oligochaeta,Tubificida,Naididae,NA,NA,Nais,Nais,68946,NA,Collector-Gatherer,None,NA,12,5,2
BUL-04,B,BUL-04-B,2025-10-02,Arthropoda,Hexapoda,Insecta,Diptera,Chironomidae,Orthocladiinae,NA,Psectrocladius,Psectrocladius,129018,NA,Collector-Gatherer,None,NA,10,5,2
BUL-04,B,BUL-04-B,2025-10-02,Arthropoda,Hexapoda,Insecta,Diptera,Chironomidae,Orthocladiinae,NA,Orthocladius complex,Orthocladius complex,128874A,NA,Collector-Gatherer,None,NA,4,5,2
BUL-04,B,BUL-04-B,2025-10-02,Arthropoda,Hexapoda,Insecta,Diptera,Chironomidae,Chironominae,Tanytarsini,Micropsectra,Micropsectra,129890,NA,Collector-Gatherer,Larvae,NA,3,5,2
BUL-04,B,BUL-04-B,2025-10-02,Arthropoda,Hexapoda,Insecta,Diptera,Chironomidae,Chironominae,Tanytarsini,Sublettea,Sublettea,129975,NA,Collector-Filterer,Larvae,NA,1,5,2
BUL-04,B,BUL-04-B,2025-10-02,Arthropoda,Hexapoda,Insecta,Diptera,Chironomidae,Chironominae,Chironomini,Polypedilum,Polypedilum,129657,NA,Collector-Gatherer,Larvae,NA,1,5,2
BUL-04,B,BUL-04-B,2025-10-02,Arthropoda,Hexapoda,Insecta,Diptera,Chironomidae,Orthocladiinae,NA,Tvetenia,Tvetenia,129197,NA,Collector-Gatherer,Larvae,NA,1,5,2
BUL-04,B,BUL-04-B,2025-10-02,Arthropoda,Hexapoda,Insecta,Diptera,Chironomidae,Chironominae,Tanytarsini,Rheotanytarsus,Rheotanytarsus,129952,NA,Collector-Filterer,Larvae,NA,2,5,2
BUL-04,B,BUL-04-B,2025-10-02,Arthropoda,Hexapoda,Insecta,Trichoptera,Hydropsychidae,NA,NA,Hydropsyche,Hydropsyche,115453,UV,Collector-Filterer,Larvae,NA,12,5,2
BUL-04,B,BUL-04-B,2025-10-02,Arthropoda,Hexapoda,Insecta,Trichoptera,Hydropsychidae,NA,NA,Cheumatopsyche,Cheumatopsyche,115408,Unclassified,Collector-Filterer,Larvae,NA,2,5,2
BUL-04,B,BUL-04-B,2025-10-02,Arthropoda,Hexapoda,Insecta,Trichoptera,Hydroptilidae,NA,NA,Hydroptila,Hydroptila,115641,UV,Piercer-Herbivore,Larvae,NA,3,5,2
BUL-04,B,BUL-04-B,2025-10-02,Arthropoda,Hexapoda,Insecta,Trichoptera,Lepidostomatidae,NA,NA,Lepidostoma,Lepidostoma,116794,UV,Shredder-Herbivore,Larvae,NA,14,5,2
BUL-04,B,BUL-04-B,2025-10-02,Arthropoda,Hexapoda,Insecta,Ephemeroptera,Ephemerellidae,NA,NA,Ephemerella,Ephemerella,101233,UV,Collector-Gatherer,Larvae,NA,4,5,2
BUL-04,B,BUL-04-B,2025-10-02,Arthropoda,Hexapoda,Insecta,Ephemeroptera,Ephemerellidae,NA,NA,Drunella grandis group,Drunella grandis group,101365A,Unclassified,Collector-Gatherer,Larvae,NA,1,5,2
BUL-04,B,BUL-04-B,2025-10-02,Arthropoda,Hexapoda,Insecta,Ephemeroptera,Ameletidae,NA,NA,Ameletus,Ameletus,100996,UV,Collector-Gatherer,Larvae,NA,1,5,2
BUL-04,B,BUL-04-B,2025-10-02,Arthropoda,Hexapoda,Insecta,Ephemeroptera,Baetidae,NA,NA,Baetis,Baetis,100800,MV,Collector-Gatherer,Juvenile/Damaged,NA,3,5,2
BUL-04,B,BUL-04-B,2025-10-02,Arthropoda,Hexapoda,Insecta,Ephemeroptera,Baetidae,NA,NA,Diphetor hageni,Diphetor hageni,568598,Unclassified,Collector-Gatherer,Larvae,NA,1,5,2
BUL-04,B,BUL-04-B,2025-10-02,Arthropoda,Hexapoda,Insecta,Ephemeroptera,Heptageniidae,NA,NA,Epeorus,Epeorus,100626,Unclassified,Scraper,Larvae,NA,3,5,2
BUL-04,B,BUL-04-B,2025-10-02,Arthropoda,Hexapoda,Insecta,Ephemeroptera,Heptageniidae,NA,NA,Rhithrogena,Rhithrogena,100572,Unclassified,Scraper,Larvae,NA,12,5,2
BUL-04,B,BUL-04-B,2025-10-02,Arthropoda,Hexapoda,Insecta,Ephemeroptera,Leptophlebiidae,NA,NA,Neoleptophlebia,Neoleptophlebia,101095A,NA,Collector-Gatherer,Larvae,NA,63,5,2
BUL-04,B,BUL-04-B,2025-10-02,Arthropoda,Hexapoda,Insecta,Plecoptera,Perlodidae,NA,NA,Isoperla,Isoperla,102995,UV,Predator,Larvae,NA,6,5,2
BUL-04,B,BUL-04-B,2025-10-02,Arthropoda,Hexapoda,Insecta,Plecoptera,Perlodidae,NA,NA,Skwala,Skwala,103102,UV,Predator,Larvae,NA,1,5,2
BUL-04,B,BUL-04-B,2025-10-02,Arthropoda,Hexapoda,Insecta,Plecoptera,Nemouridae,NA,NA,Zapada cinctipes,Zapada cinctipes,102594,UV,Shredder-Herbivore,Larvae,NA,2,5,2
BUL-04,B,BUL-04-B,2025-10-02,Arthropoda,Hexapoda,Insecta,Plecoptera,Chloroperlidae,NA,NA,Haploperla,Haploperla,103260,Unclassified,Predator,Larvae,NA,11,5,2
BUL-04,B,BUL-04-B,2025-10-02,Arthropoda,Hexapoda,Insecta,Plecoptera,Chloroperlidae,NA,NA,Sweltsa,Sweltsa,103273,SV,Predator,Larvae,NA,4,5,2
BUL-04,B,BUL-04-B,2025-10-02,Arthropoda,Chelicerata,Arachnida,Trombidiformes,Lebertiidae,NA,NA,Lebertia,Lebertia,83034,Unclassified,Predator,Adult,NA,7,5,2
BUL-04,B,BUL-04-B,2025-10-02,Arthropoda,Chelicerata,Arachnida,Trombidiformes,Sperchontidae,NA,NA,Sperchon,Sperchon,83006,Unclassified,Predator,Adult,NA,2,5,2
BUL-04,B,BUL-04-B,2025-10-02,Arthropoda,Chelicerata,Arachnida,Trombidiformes,Hydryphantidae,NA,NA,Protzia,Protzia,83170,Unclassified,Predator,Adult,NA,1,5,2
BUL-04,C,BUL-04-C,2025-10-02,Arthropoda,Hexapoda,Insecta,Ephemeroptera,Heptageniidae,NA,NA,Heptageniidae,Heptageniidae,100504,Unclassified,Scraper,Juvenile/Damaged,NA,19,7,3
BUL-04,C,BUL-04-C,2025-10-02,Arthropoda,Hexapoda,Insecta,Ephemeroptera,Leptophlebiidae,NA,NA,Leptophlebiidae,Leptophlebiidae,101095,Unclassified,Collector-Gatherer,Juvenile/Damaged,ND,138,7,3
BUL-04,C,BUL-04-C,2025-10-02,Arthropoda,Hexapoda,Insecta,Ephemeroptera,Ephemerellidae,NA,NA,Ephemerellidae,Ephemerellidae,101232,Unclassified,Collector-Gatherer,Juvenile/Damaged,ND,29,7,3
BUL-04,C,BUL-04-C,2025-10-02,Arthropoda,Hexapoda,Insecta,Ephemeroptera,Baetidae,NA,NA,Baetidae,Baetidae,100755,Unclassified,Collector-Gatherer,Juvenile/Damaged,NA,10,7,3
BUL-04,C,BUL-04-C,2025-10-02,Arthropoda,Hexapoda,Insecta,Plecoptera,Chloroperlidae,NA,NA,Chloroperlidae,Chloroperlidae,103202,Unclassified,Predator,Juvenile/Damaged,ND,2,7,3
BUL-04,C,BUL-04-C,2025-10-02,Arthropoda,Hexapoda,Insecta,Diptera,Empididae,NA,NA,Empididae,Empididae,135830,UV,Predator,Juvenile/Damaged,ND,2,7,3
BUL-04,C,BUL-04-C,2025-10-02,Arthropoda,Hexapoda,Insecta,Coleoptera,Elmidae,NA,NA,Elmidae,Elmidae,114093,SV,Collector-Gatherer,Juvenile/Damaged,ND,6,7,3
BUL-04,C,BUL-04-C,2025-10-02,Arthropoda,Hexapoda,Insecta,Diptera,Chironomidae,NA,NA,Chironomidae,Chironomidae,127917,NA,NA,Pupa,ND,1,7,3
BUL-04,C,BUL-04-C,2025-10-02,Arthropoda,Hexapoda,Insecta,Trichoptera,Hydroptilidae,NA,NA,Hydroptila,Hydroptila,115641,UV,Piercer-Herbivore,Larvae,NA,1,7,3
BUL-04,C,BUL-04-C,2025-10-02,Arthropoda,Hexapoda,Insecta,Trichoptera,Hydropsychidae,NA,NA,Hydropsyche,Hydropsyche,115453,UV,Collector-Filterer,Larvae,NA,4,7,3
BUL-04,C,BUL-04-C,2025-10-02,Arthropoda,Hexapoda,Insecta,Trichoptera,Glossosomatidae,NA,NA,Glossosoma,Glossosoma,117159,Unclassified,Scraper,Larvae,NA,1,7,3
BUL-04,C,BUL-04-C,2025-10-02,Arthropoda,Hexapoda,Insecta,Trichoptera,Leptoceridae,NA,NA,Ceraclea,Ceraclea,116684,Unclassified,Omnivore,Larvae,NA,3,7,3
BUL-04,C,BUL-04-C,2025-10-02,Arthropoda,Hexapoda,Insecta,Trichoptera,Lepidostomatidae,NA,NA,Lepidostoma,Lepidostoma,116794,UV,Shredder-Herbivore,Larvae,NA,47,7,3
BUL-04,C,BUL-04-C,2025-10-02,Arthropoda,Hexapoda,Insecta,Ephemeroptera,Heptageniidae,NA,NA,Rhithrogena,Rhithrogena,100572,Unclassified,Scraper,Larvae,NA,5,7,3
BUL-04,C,BUL-04-C,2025-10-02,Arthropoda,Hexapoda,Insecta,Ephemeroptera,Leptophlebiidae,NA,NA,Neoleptophlebia,Neoleptophlebia,101095A,NA,Collector-Gatherer,Larvae,NA,29,7,3
BUL-04,C,BUL-04-C,2025-10-02,Arthropoda,Hexapoda,Insecta,Ephemeroptera,Ameletidae,NA,NA,Ameletus,Ameletus,100996,UV,Collector-Gatherer,Larvae,NA,8,7,3
BUL-04,C,BUL-04-C,2025-10-02,Arthropoda,Hexapoda,Insecta,Ephemeroptera,Ephemerellidae,NA,NA,Ephemerella,Ephemerella,101233,UV,Collector-Gatherer,Larvae,NA,7,7,3
BUL-04,C,BUL-04-C,2025-10-02,Arthropoda,Hexapoda,Insecta,Ephemeroptera,Baetidae,NA,NA,Diphetor hageni,Diphetor hageni,568598,Unclassified,Collector-Gatherer,Larvae,NA,5,7,3
BUL-04,C,BUL-04-C,2025-10-02,Arthropoda,Hexapoda,Insecta,Plecoptera,Chloroperlidae,NA,NA,Haploperla,Haploperla,103260,Unclassified,Predator,Larvae,NA,4,7,3
BUL-04,C,BUL-04-C,2025-10-02,Arthropoda,Hexapoda,Insecta,Plecoptera,Chloroperlidae,NA,NA,Sweltsa,Sweltsa,103273,SV,Predator,Larvae,NA,5,7,3
BUL-04,C,BUL-04-C,2025-10-02,Arthropoda,Hexapoda,Insecta,Plecoptera,Chloroperlidae,NA,NA,Plumiperla,Plumiperla,103305,Unclassified,Predator,Larvae,NA,1,7,3
BUL-04,C,BUL-04-C,2025-10-02,Arthropoda,Hexapoda,Insecta,Plecoptera,Nemouridae,NA,NA,Zapada cinctipes,Zapada cinctipes,102594,UV,Shredder-Herbivore,Larvae,NA,2,7,3
BUL-04,C,BUL-04-C,2025-10-02,Arthropoda,Hexapoda,Insecta,Plecoptera,Perlodidae,NA,NA,Isoperla,Isoperla,102995,UV,Predator,Larvae,NA,8,7,3
BUL-04,C,BUL-04-C,2025-10-02,Arthropoda,Hexapoda,Insecta,Plecoptera,Pteronarcyidae,NA,NA,Pteronarcys,Pteronarcys,102471,Unclassified,Omnivore,Larvae,NA,1,7,3
BUL-04,C,BUL-04-C,2025-10-02,Arthropoda,Hexapoda,Insecta,Diptera,Tipulidae,NA,NA,Hexatoma,Hexatoma,120094,NA,Predator,Larvae,NA,3,7,3
BUL-04,C,BUL-04-C,2025-10-02,Arthropoda,Hexapoda,Insecta,Diptera,Limoniidae,NA,NA,Eloeophila,Eloeophila,NA,NA,Predator,Larvae,NA,3,7,3
BUL-04,C,BUL-04-C,2025-10-02,Arthropoda,Hexapoda,Insecta,Diptera,Ceratopogonidae,NA,NA,Stilobezzia,Stilobezzia,127619,NA,Predator,Larvae,NA,1,7,3
BUL-04,C,BUL-04-C,2025-10-02,Arthropoda,Hexapoda,Insecta,Diptera,Ceratopogonidae,NA,NA,Ceratopogon,Ceratopogon,127564,NA,Predator,Larvae,NA,2,7,3
BUL-04,C,BUL-04-C,2025-10-02,Arthropoda,Hexapoda,Insecta,Diptera,Empididae,NA,NA,Hemerodromia,Hemerodromia,136327,MV,Predator,Larvae,NA,8,7,3
BUL-04,C,BUL-04-C,2025-10-02,Arthropoda,Hexapoda,Insecta,Coleoptera,Elmidae,NA,NA,Optioservus,Optioservus,114177,SV,Scraper,Larvae,NA,8,7,3
BUL-04,C,BUL-04-C,2025-10-02,Arthropoda,Chelicerata,Arachnida,Trombidiformes,Hygrobatidae,NA,NA,Atractides,Atractides,83282,Unclassified,Predator,Adult,NA,1,7,3
BUL-04,C,BUL-04-C,2025-10-02,Arthropoda,Chelicerata,Arachnida,Trombidiformes,Sperchontidae,NA,NA,Sperchon,Sperchon,83006,Unclassified,Predator,Adult,NA,2,7,3
BUL-04,C,BUL-04-C,2025-10-02,Arthropoda,Chelicerata,Arachnida,Trombidiformes,Hydryphantidae,NA,NA,Protzia,Protzia,83170,Unclassified,Predator,Adult,NA,4,7,3
BUL-04,C,BUL-04-C,2025-10-02,Arthropoda,Chelicerata,Arachnida,Trombidiformes,Lebertiidae,NA,NA,Lebertia,Lebertia,83034,Unclassified,Predator,Adult,NA,11,7,3
BUL-04,C,BUL-04-C,2025-10-02,Annelida,Clitellata,Oligochaeta,Tubificida,Naididae,NA,NA,Nais,Nais,68946,NA,Collector-Gatherer,None,NA,1,7,3
BUL-04,C,BUL-04-C,2025-10-02,Arthropoda,Hexapoda,Insecta,Diptera,Chironomidae,Orthocladiinae,NA,Psectrocladius,Psectrocladius,129018,NA,Collector-Gatherer,Larvae,NA,14,7,3
BUL-04,C,BUL-04-C,2025-10-02,Arthropoda,Hexapoda,Insecta,Diptera,Chironomidae,Orthocladiinae,NA,Orthocladius complex,Orthocladius complex,128874A,NA,Collector-Gatherer,Larvae,NA,1,7,3
BUL-04,C,BUL-04-C,2025-10-02,Arthropoda,Hexapoda,Insecta,Diptera,Chironomidae,Tanypodinae,Pentaneurini,Thienemannimyia group,Thienemannimyia group,127917N,NA,Predator,Larvae,NA,1,7,3
BUL-04,C,BUL-04-C,2025-10-02,Arthropoda,Hexapoda,Insecta,Diptera,Chironomidae,Orthocladiinae,NA,Tvetenia,Tvetenia,129197,NA,Collector-Gatherer,Larvae,NA,2,7,3
BUL-04,C,BUL-04-C,2025-10-02,Arthropoda,Hexapoda,Insecta,Diptera,Chironomidae,Chironominae,Tanytarsini,Micropsectra,Micropsectra,129890,NA,Collector-Gatherer,Larvae,NA,2,7,3
BUL-04,C,BUL-04-C,2025-10-02,Arthropoda,Hexapoda,Insecta,Diptera,Chironomidae,Chironominae,Tanytarsini,Stempellinella,Stempellinella,129969,NA,Collector-Filterer,Larvae,NA,2,7,3
BUL-04,C,BUL-04-C,2025-10-02,Arthropoda,Hexapoda,Insecta,Diptera,Chironomidae,Chironominae,Tanytarsini,Rheotanytarsus,Rheotanytarsus,129952,NA,Collector-Filterer,Larvae,NA,1,7,3
BUL-04,C,BUL-04-C,2025-10-02,Arthropoda,Hexapoda,Insecta,Diptera,Chironomidae,Chironominae,Chironomini,Polypedilum,Polypedilum,129657,NA,Collector-Gatherer,Larvae,NA,1,7,3
BUL-04,C,BUL-04-C,2025-10-02,Arthropoda,Hexapoda,Insecta,Plecoptera,NA,NA,NA,Plecoptera,Plecoptera,102467,Unclassified,NA,Juvenile/Damaged,ND,3,7,3
BUL-05,A,BUL-05-A,2025-09-28,Arthropoda,Hexapoda,Insecta,Ephemeroptera,Ephemerellidae,NA,NA,Ephemerellidae,Ephemerellidae,101232,Unclassified,Collector-Gatherer,Juvenile/Damaged,ND,55,5,1
BUL-05,A,BUL-05-A,2025-09-28,Arthropoda,Hexapoda,Insecta,Ephemeroptera,Heptageniidae,NA,NA,Heptageniidae,Heptageniidae,100504,Unclassified,Scraper,Juvenile/Damaged,ND,67,5,1
BUL-05,A,BUL-05-A,2025-09-28,Arthropoda,Hexapoda,Insecta,Ephemeroptera,Leptophlebiidae,NA,NA,Leptophlebiidae,Leptophlebiidae,101095,Unclassified,Collector-Gatherer,Juvenile/Damaged,ND,17,5,1
BUL-05,A,BUL-05-A,2025-09-28,Arthropoda,Hexapoda,Insecta,Ephemeroptera,Baetidae,NA,NA,Baetidae,Baetidae,100755,Unclassified,Collector-Gatherer,Juvenile/Damaged,ND,4,5,1
BUL-05,A,BUL-05-A,2025-09-28,Arthropoda,Hexapoda,Insecta,Plecoptera,Capniidae,NA,NA,Capniidae,Capniidae,102643,Unclassified,Shredder-Herbivore,Juvenile/Damaged,NA,2,5,1
BUL-05,A,BUL-05-A,2025-09-28,Arthropoda,Hexapoda,Insecta,Plecoptera,Perlidae,NA,NA,Perlidae,Perlidae,102914,Unclassified,Predator,Juvenile/Damaged,ND,4,5,1
BUL-05,A,BUL-05-A,2025-09-28,Arthropoda,Hexapoda,Insecta,Plecoptera,Chloroperlidae,NA,NA,Chloroperlidae,Chloroperlidae,103202,Unclassified,Predator,Juvenile/Damaged,ND,9,5,1
BUL-05,A,BUL-05-A,2025-09-28,Arthropoda,Hexapoda,Insecta,Coleoptera,Elmidae,NA,NA,Elmidae,Elmidae,114093,SV,Collector-Gatherer,Juvenile/Damaged,ND,1,5,1
BUL-05,A,BUL-05-A,2025-09-28,Arthropoda,Hexapoda,Insecta,Trichoptera,Rhyacophilidae,NA,NA,Rhyacophila narvae,Rhyacophila narvae,115155,NA,Predator,Larvae,NA,1,5,1
BUL-05,A,BUL-05-A,2025-09-28,Arthropoda,Hexapoda,Insecta,Trichoptera,Hydropsychidae,NA,NA,Hydropsyche,Hydropsyche,115453,UV,Collector-Filterer,Larvae,NA,42,5,1
BUL-05,A,BUL-05-A,2025-09-28,Arthropoda,Hexapoda,Insecta,Trichoptera,Hydropsychidae,NA,NA,Cheumatopsyche,Cheumatopsyche,115408,Unclassified,Collector-Filterer,Larvae,NA,8,5,1
BUL-05,A,BUL-05-A,2025-09-28,Arthropoda,Hexapoda,Insecta,Trichoptera,Hydroptilidae,NA,NA,Hydroptila,Hydroptila,115641,UV,Piercer-Herbivore,Larvae,NA,2,5,1
BUL-05,A,BUL-05-A,2025-09-28,Arthropoda,Hexapoda,Insecta,Trichoptera,Brachycentridae,NA,NA,Brachycentrus,Brachycentrus,116906,Unclassified,Omnivore,Larvae,NA,2,5,1
BUL-05,A,BUL-05-A,2025-09-28,Arthropoda,Hexapoda,Insecta,Trichoptera,Brachycentridae,NA,NA,Micrasema,Micrasema,116958,Unclassified,Macrophyte-Herbivore,Larvae,NA,1,5,1
BUL-05,A,BUL-05-A,2025-09-28,Arthropoda,Hexapoda,Insecta,Trichoptera,Glossosomatidae,NA,NA,Glossosoma,Glossosoma,117159,Unclassified,Scraper,Larvae,NA,1,5,1
BUL-05,A,BUL-05-A,2025-09-28,Arthropoda,Hexapoda,Insecta,Trichoptera,Lepidostomatidae,NA,NA,Lepidostoma,Lepidostoma,116794,UV,Shredder-Herbivore,Larvae,NA,281,5,1
BUL-05,A,BUL-05-A,2025-09-28,Arthropoda,Hexapoda,Insecta,Ephemeroptera,Ephemerellidae,NA,NA,Ephemerella,Ephemerella,101233,UV,Collector-Gatherer,Larvae,NA,6,5,1
BUL-05,A,BUL-05-A,2025-09-28,Arthropoda,Hexapoda,Insecta,Ephemeroptera,Ephemerellidae,NA,NA,Drunella grandis group,Drunella grandis group,101365A,Unclassified,Collector-Gatherer,Larvae,NA,3,5,1
BUL-05,A,BUL-05-A,2025-09-28,Arthropoda,Hexapoda,Insecta,Ephemeroptera,Heptageniidae,NA,NA,Epeorus,Epeorus,100626,Unclassified,Scraper,Larvae,NA,10,5,1
BUL-05,A,BUL-05-A,2025-09-28,Arthropoda,Hexapoda,Insecta,Ephemeroptera,Heptageniidae,NA,NA,Rhithrogena,Rhithrogena,100572,Unclassified,Scraper,Larvae,NA,3,5,1
BUL-05,A,BUL-05-A,2025-09-28,Arthropoda,Hexapoda,Insecta,Ephemeroptera,Leptophlebiidae,NA,NA,Neoleptophlebia,Neoleptophlebia,101095A,NA,Collector-Gatherer,Larvae,NA,1,5,1
BUL-05,A,BUL-05-A,2025-09-28,Arthropoda,Hexapoda,Insecta,Ephemeroptera,Baetidae,NA,NA,Baetis,Baetis,100800,MV,Collector-Gatherer,Juvenile/Damaged,ND,22,5,1
BUL-05,A,BUL-05-A,2025-09-28,Arthropoda,Hexapoda,Insecta,Ephemeroptera,Baetidae,NA,NA,Baetis rhodani group,Baetis rhodani group,100800B,Unclassified,Collector-Gatherer,Larvae,NA,14,5,1
BUL-05,A,BUL-05-A,2025-09-28,Arthropoda,Hexapoda,Insecta,Plecoptera,Pteronarcyidae,NA,NA,Pteronarcella,Pteronarcella,102485,Unclassified,Omnivore,Larvae,NA,1,5,1
BUL-05,A,BUL-05-A,2025-09-28,Arthropoda,Hexapoda,Insecta,Plecoptera,Pteronarcyidae,NA,NA,Pteronarcys,Pteronarcys,102471,Unclassified,Omnivore,Larvae,NA,1,5,1
BUL-05,A,BUL-05-A,2025-09-28,Arthropoda,Hexapoda,Insecta,Plecoptera,Perlidae,NA,NA,Claassenia sabulosa,Claassenia sabulosa,102932,SV,Predator,Larvae,NA,5,5,1
BUL-05,A,BUL-05-A,2025-09-28,Arthropoda,Hexapoda,Insecta,Plecoptera,Nemouridae,NA,NA,Zapada cinctipes,Zapada cinctipes,102594,UV,Shredder-Herbivore,Larvae,NA,2,5,1
BUL-05,A,BUL-05-A,2025-09-28,Arthropoda,Hexapoda,Insecta,Plecoptera,Perlodidae,NA,NA,Skwala,Skwala,103102,UV,Predator,Larvae,NA,1,5,1
BUL-05,A,BUL-05-A,2025-09-28,Arthropoda,Hexapoda,Insecta,Plecoptera,Perlodidae,NA,NA,Isoperla,Isoperla,102995,UV,Predator,Larvae,NA,11,5,1
BUL-05,A,BUL-05-A,2025-09-28,Arthropoda,Hexapoda,Insecta,Plecoptera,Chloroperlidae,NA,NA,Sweltsa,Sweltsa,103273,SV,Predator,Larvae,NA,20,5,1
BUL-05,A,BUL-05-A,2025-09-28,Arthropoda,Hexapoda,Insecta,Plecoptera,Chloroperlidae,NA,NA,Plumiperla,Plumiperla,103305,Unclassified,Predator,Larvae,NA,1,5,1
BUL-05,A,BUL-05-A,2025-09-28,Arthropoda,Hexapoda,Insecta,Diptera,Athericidae,NA,NA,Atherix,Atherix,130929,NA,Predator,Larvae,NA,1,5,1
BUL-05,A,BUL-05-A,2025-09-28,Arthropoda,Hexapoda,Insecta,Diptera,Tipulidae,NA,NA,Antocha,Antocha,119656,NA,Collector-Gatherer,Larvae,NA,2,5,1
BUL-05,A,BUL-05-A,2025-09-28,Arthropoda,Hexapoda,Insecta,Diptera,Tipulidae,NA,NA,Hexatoma,Hexatoma,120094,NA,Predator,Larvae,NA,4,5,1
BUL-05,A,BUL-05-A,2025-09-28,Arthropoda,Hexapoda,Insecta,Diptera,Limoniidae,NA,NA,Eloeophila,Eloeophila,NA,NA,Predator,Larvae,NA,2,5,1
BUL-05,A,BUL-05-A,2025-09-28,Arthropoda,Hexapoda,Insecta,Diptera,Tipulidae,NA,NA,Dicranota,Dicranota,121027,UV,Predator,Larvae,NA,1,5,1
BUL-05,A,BUL-05-A,2025-09-28,Arthropoda,Hexapoda,Insecta,Diptera,Psychodidae,NA,NA,Pericoma/Telmatoscopus,Pericoma/Telmatoscopus,125351A,NA,Collector-Gatherer,Larvae,NA,2,5,1
BUL-05,A,BUL-05-A,2025-09-28,Arthropoda,Hexapoda,Insecta,Diptera,Empididae,NA,NA,Hemerodromia,Hemerodromia,136327,MV,Predator,Larvae,NA,3,5,1
BUL-05,A,BUL-05-A,2025-09-28,Arthropoda,Hexapoda,Insecta,Diptera,Empididae,NA,NA,Neoplasta,Neoplasta,136352,NA,Predator,Larvae,NA,1,5,1
BUL-05,A,BUL-05-A,2025-09-28,Arthropoda,Hexapoda,Insecta,Coleoptera,Elmidae,NA,NA,Optioservus,Optioservus,114177,SV,Scraper,Larvae,NA,3,5,1
BUL-05,A,BUL-05-A,2025-09-28,Arthropoda,Hexapoda,Insecta,Coleoptera,Elmidae,NA,NA,Optioservus,Optioservus,114177,SV,Scraper,Adult,NA,1,5,1
BUL-05,A,BUL-05-A,2025-09-28,Arthropoda,Chelicerata,Arachnida,Trombidiformes,Hydryphantidae,NA,NA,Protzia,Protzia,83170,Unclassified,Predator,Adult,NA,3,5,1
BUL-05,A,BUL-05-A,2025-09-28,Arthropoda,Chelicerata,Arachnida,Trombidiformes,Sperchontidae,NA,NA,Sperchon,Sperchon,83006,Unclassified,Predator,Adult,NA,30,5,1
BUL-05,A,BUL-05-A,2025-09-28,Annelida,Clitellata,Oligochaeta,Lumbriculida,Lumbriculidae,NA,NA,Lumbriculus,Lumbriculus,68441,NA,Collector-Gatherer,None,NA,1,5,1
BUL-05,A,BUL-05-A,2025-09-28,Arthropoda,Chelicerata,Arachnida,Trombidiformes,Lebertiidae,NA,NA,Lebertia,Lebertia,83034,Unclassified,Predator,Adult,NA,4,5,1
BUL-05,A,BUL-05-A,2025-09-28,Arthropoda,Chelicerata,Arachnida,Trombidiformes,Torrenticolidae,NA,NA,Torrenticola,Torrenticola,83254,Unclassified,Predator,Adult,NA,29,5,1
BUL-05,A,BUL-05-A,2025-09-28,Arthropoda,Chelicerata,Arachnida,Trombidiformes,Hygrobatidae,NA,NA,Atractides,Atractides,83282,Unclassified,Predator,Adult,NA,3,5,1
BUL-05,A,BUL-05-A,2025-09-28,Arthropoda,Hexapoda,Insecta,Diptera,Chironomidae,Chironominae,Chironomini,Polypedilum,Polypedilum,129657,NA,Collector-Gatherer,Larvae,NA,3,5,1
BUL-05,A,BUL-05-A,2025-09-28,Arthropoda,Hexapoda,Insecta,Diptera,Chironomidae,Chironominae,Tanytarsini,Micropsectra,Micropsectra,129890,NA,Collector-Gatherer,Larvae,NA,2,5,1
BUL-05,A,BUL-05-A,2025-09-28,Arthropoda,Hexapoda,Insecta,Diptera,Chironomidae,Tanypodinae,Pentaneurini,Thienemannimyia group,Thienemannimyia group,127917N,NA,Predator,Larvae,NA,6,5,1
BUL-05,A,BUL-05-A,2025-09-28,Arthropoda,Hexapoda,Insecta,Diptera,Chironomidae,Chironominae,Tanytarsini,Sublettea,Sublettea,129975,NA,Collector-Filterer,Larvae,NA,8,5,1
BUL-05,A,BUL-05-A,2025-09-28,Arthropoda,Hexapoda,Insecta,Diptera,Chironomidae,Orthocladiinae,NA,Orthocladius complex,Orthocladius complex,128874A,NA,Collector-Gatherer,Larvae,NA,9,5,1
BUL-05,A,BUL-05-A,2025-09-28,Arthropoda,Hexapoda,Insecta,Diptera,Chironomidae,Orthocladiinae,NA,Tvetenia,Tvetenia,129197,NA,Collector-Gatherer,Larvae,NA,16,5,1
BUL-05,A,BUL-05-A,2025-09-28,Arthropoda,Hexapoda,Insecta,Trichoptera,NA,NA,NA,Trichoptera,Trichoptera,115095,NA,NA,Juvenile/Damaged,ND,1,5,1
BUL-05,A,BUL-05-A,2025-09-28,Arthropoda,Hexapoda,Insecta,Plecoptera,NA,NA,NA,Plecoptera,Plecoptera,102467,Unclassified,NA,Juvenile/Damaged,NA,1,5,1
BUL-05,A,BUL-05-A,2025-09-28,Nemata,NA,NA,NA,NA,NA,NA,Nemata,Nemata,563956,NA,Shredder-Herbivore,None,NA,1,5,1
BUL-05,A,BUL-05-A,2025-09-28,Arthropoda,Crustacea,Ostracoda,NA,NA,NA,NA,Ostracoda,Ostracoda,84195,NA,Collector-Gatherer,None,NA,1,5,1
BUL-05,B,BUL-05-B,2025-10-02,Arthropoda,Hexapoda,Insecta,Trichoptera,Hydropsychidae,NA,NA,Hydropsychidae,Hydropsychidae,115398,Unclassified,Collector-Filterer,Juvenile/Damaged,ND,1,5,2
BUL-05,B,BUL-05-B,2025-10-02,Arthropoda,Hexapoda,Insecta,Ephemeroptera,Heptageniidae,NA,NA,Heptageniidae,Heptageniidae,100504,Unclassified,Scraper,Juvenile/Damaged,ND,125,5,2
BUL-05,B,BUL-05-B,2025-10-02,Arthropoda,Hexapoda,Insecta,Ephemeroptera,Ephemerellidae,NA,NA,Ephemerellidae,Ephemerellidae,101232,Unclassified,Collector-Gatherer,Juvenile/Damaged,ND,80,5,2
BUL-05,B,BUL-05-B,2025-10-02,Arthropoda,Hexapoda,Insecta,Ephemeroptera,Leptophlebiidae,NA,NA,Leptophlebiidae,Leptophlebiidae,101095,Unclassified,Collector-Gatherer,Juvenile/Damaged,ND,41,5,2
BUL-05,B,BUL-05-B,2025-10-02,Arthropoda,Hexapoda,Insecta,Ephemeroptera,Baetidae,NA,NA,Baetidae,Baetidae,100755,Unclassified,Collector-Gatherer,Juvenile/Damaged,ND,12,5,2
BUL-05,B,BUL-05-B,2025-10-02,Arthropoda,Hexapoda,Insecta,Plecoptera,Capniidae,NA,NA,Capniidae,Capniidae,102643,Unclassified,Shredder-Herbivore,Juvenile/Damaged,NA,1,5,2
BUL-05,B,BUL-05-B,2025-10-02,Arthropoda,Hexapoda,Insecta,Plecoptera,Chloroperlidae,NA,NA,Chloroperlidae,Chloroperlidae,103202,Unclassified,Predator,Juvenile/Damaged,ND,4,5,2
BUL-05,B,BUL-05-B,2025-10-02,Arthropoda,Hexapoda,Insecta,Plecoptera,Perlodidae,NA,NA,Perlodidae,Perlodidae,102994,Unclassified,Predator,Juvenile/Damaged,ND,4,5,2
BUL-05,B,BUL-05-B,2025-10-02,Arthropoda,Hexapoda,Insecta,Diptera,Empididae,NA,NA,Empididae,Empididae,135830,UV,Predator,Juvenile/Damaged,NA,1,5,2
BUL-05,B,BUL-05-B,2025-10-02,Arthropoda,Hexapoda,Insecta,Coleoptera,Elmidae,NA,NA,Elmidae,Elmidae,114093,SV,Collector-Gatherer,Juvenile/Damaged,ND,4,5,2
BUL-05,B,BUL-05-B,2025-10-02,Arthropoda,Hexapoda,Insecta,Trichoptera,Rhyacophilidae,NA,NA,Rhyacophila arnaudi,Rhyacophila arnaudi,115165,NA,Predator,Larvae,NA,1,5,2
BUL-05,B,BUL-05-B,2025-10-02,Arthropoda,Hexapoda,Insecta,Trichoptera,Hydropsychidae,NA,NA,Hydropsyche,Hydropsyche,115453,UV,Collector-Filterer,Larvae,NA,104,5,2
BUL-05,B,BUL-05-B,2025-10-02,Arthropoda,Hexapoda,Insecta,Trichoptera,Hydropsychidae,NA,NA,Cheumatopsyche,Cheumatopsyche,115408,Unclassified,Collector-Filterer,Larvae,NA,13,5,2
BUL-05,B,BUL-05-B,2025-10-02,Arthropoda,Hexapoda,Insecta,Trichoptera,Hydroptilidae,NA,NA,Hydroptila,Hydroptila,115641,UV,Piercer-Herbivore,Larvae,NA,3,5,2
BUL-05,B,BUL-05-B,2025-10-02,Arthropoda,Hexapoda,Insecta,Trichoptera,Brachycentridae,NA,NA,Brachycentrus,Brachycentrus,116906,Unclassified,Omnivore,Larvae,NA,2,5,2
BUL-05,B,BUL-05-B,2025-10-02,Arthropoda,Hexapoda,Insecta,Trichoptera,Brachycentridae,NA,NA,Micrasema,Micrasema,116958,Unclassified,Macrophyte-Herbivore,Larvae,NA,4,5,2
BUL-05,B,BUL-05-B,2025-10-02,Arthropoda,Hexapoda,Insecta,Trichoptera,Lepidostomatidae,NA,NA,Lepidostoma,Lepidostoma,116794,UV,Shredder-Herbivore,Larvae,NA,515,5,2
BUL-05,B,BUL-05-B,2025-10-02,Arthropoda,Hexapoda,Insecta,Ephemeroptera,Heptageniidae,NA,NA,Epeorus,Epeorus,100626,Unclassified,Scraper,Larvae,NA,22,5,2
BUL-05,B,BUL-05-B,2025-10-02,Arthropoda,Hexapoda,Insecta,Ephemeroptera,Heptageniidae,NA,NA,Rhithrogena,Rhithrogena,100572,Unclassified,Scraper,Larvae,NA,34,5,2
BUL-05,B,BUL-05-B,2025-10-02,Arthropoda,Hexapoda,Insecta,Ephemeroptera,Ephemerellidae,NA,NA,Ephemerella,Ephemerella,101233,UV,Collector-Gatherer,Larvae,NA,31,5,2
BUL-05,B,BUL-05-B,2025-10-02,Arthropoda,Hexapoda,Insecta,Ephemeroptera,Leptophlebiidae,NA,NA,Neoleptophlebia,Neoleptophlebia,101095A,NA,Collector-Gatherer,Larvae,NA,7,5,2
BUL-05,B,BUL-05-B,2025-10-02,Arthropoda,Hexapoda,Insecta,Ephemeroptera,Ephemerellidae,NA,NA,Drunella doddsii,Drunella doddsii,698494,UV,Collector-Gatherer,Larvae,NA,1,5,2
BUL-05,B,BUL-05-B,2025-10-02,Arthropoda,Hexapoda,Insecta,Ephemeroptera,Ephemerellidae,NA,NA,Drunella grandis group,Drunella grandis group,101365A,Unclassified,Collector-Gatherer,Larvae,NA,1,5,2
BUL-05,B,BUL-05-B,2025-10-02,Arthropoda,Hexapoda,Insecta,Ephemeroptera,Baetidae,NA,NA,Baetis,Baetis,100800,MV,Collector-Gatherer,Juvenile/Damaged,ND,18,5,2
BUL-05,B,BUL-05-B,2025-10-02,Arthropoda,Hexapoda,Insecta,Ephemeroptera,Baetidae,NA,NA,Baetis rhodani group,Baetis rhodani group,100800B,Unclassified,Collector-Gatherer,Larvae,NA,17,5,2
BUL-05,B,BUL-05-B,2025-10-02,Arthropoda,Hexapoda,Insecta,Ephemeroptera,Baetidae,NA,NA,Diphetor hageni,Diphetor hageni,568598,Unclassified,Collector-Gatherer,Larvae,NA,3,5,2
BUL-05,B,BUL-05-B,2025-10-02,Arthropoda,Hexapoda,Insecta,Plecoptera,Perlidae,NA,NA,Doroneuria,Doroneuria,103121,Unclassified,Predator,Larvae,NA,1,5,2
BUL-05,B,BUL-05-B,2025-10-02,Arthropoda,Hexapoda,Insecta,Plecoptera,Nemouridae,NA,NA,Zapada cinctipes,Zapada cinctipes,102594,UV,Shredder-Herbivore,Larvae,NA,6,5,2
BUL-05,B,BUL-05-B,2025-10-02,Arthropoda,Hexapoda,Insecta,Plecoptera,Chloroperlidae,NA,NA,Haploperla,Haploperla,103260,Unclassified,Predator,Larvae,NA,6,5,2
BUL-05,B,BUL-05-B,2025-10-02,Arthropoda,Hexapoda,Insecta,Plecoptera,Chloroperlidae,NA,NA,Sweltsa,Sweltsa,103273,SV,Predator,Larvae,NA,16,5,2
BUL-05,B,BUL-05-B,2025-10-02,Arthropoda,Hexapoda,Insecta,Plecoptera,Perlodidae,NA,NA,Isoperla,Isoperla,102995,UV,Predator,Larvae,NA,17,5,2
BUL-05,B,BUL-05-B,2025-10-02,Arthropoda,Hexapoda,Insecta,Plecoptera,Perlodidae,NA,NA,Isogenoides,Isogenoides,103124,Unclassified,Predator,Larvae,NA,2,5,2
BUL-05,B,BUL-05-B,2025-10-02,Arthropoda,Hexapoda,Insecta,Plecoptera,Perlidae,NA,NA,Claassenia sabulosa,Claassenia sabulosa,102932,SV,Predator,Larvae,NA,2,5,2
BUL-05,B,BUL-05-B,2025-10-02,Arthropoda,Hexapoda,Insecta,Diptera,Psychodidae,NA,NA,Pericoma/Telmatoscopus,Pericoma/Telmatoscopus,125351A,NA,Collector-Gatherer,Larvae,NA,5,5,2
BUL-05,B,BUL-05-B,2025-10-02,Arthropoda,Hexapoda,Insecta,Diptera,Tipulidae,NA,NA,Antocha,Antocha,119656,NA,Collector-Gatherer,Larvae,NA,4,5,2
BUL-05,B,BUL-05-B,2025-10-02,Arthropoda,Hexapoda,Insecta,Diptera,Tipulidae,NA,NA,Dicranota,Dicranota,121027,UV,Predator,Larvae,NA,1,5,2
BUL-05,B,BUL-05-B,2025-10-02,Arthropoda,Hexapoda,Insecta,Diptera,Empididae,NA,NA,Hemerodromia,Hemerodromia,136327,MV,Predator,Larvae,NA,2,5,2
BUL-05,B,BUL-05-B,2025-10-02,Arthropoda,Hexapoda,Insecta,Diptera,Empididae,NA,NA,Oreogeton,Oreogeton,136377,NA,Predator,Larvae,NA,2,5,2
BUL-05,B,BUL-05-B,2025-10-02,Arthropoda,Hexapoda,Insecta,Diptera,Ceratopogonidae,NA,NA,Mallochohelea,Mallochohelea,127702,NA,Predator,Larvae,NA,1,5,2
BUL-05,B,BUL-05-B,2025-10-02,Arthropoda,Hexapoda,Insecta,Trichoptera,Glossosomatidae,NA,NA,Glossosoma,Glossosoma,117159,Unclassified,Scraper,Larvae,NA,1,5,2
BUL-05,B,BUL-05-B,2025-10-02,Arthropoda,Hexapoda,Insecta,Coleoptera,Elmidae,NA,NA,Optioservus,Optioservus,114177,SV,Scraper,Larvae,NA,13,5,2
BUL-05,B,BUL-05-B,2025-10-02,Arthropoda,Hexapoda,Insecta,Coleoptera,Elmidae,NA,NA,Optioservus,Optioservus,114177,SV,Scraper,Adult,NA,3,5,2
BUL-05,B,BUL-05-B,2025-10-02,Arthropoda,Hexapoda,Insecta,Coleoptera,Elmidae,NA,NA,Cleptelmis,Cleptelmis,114164,NA,Collector-Gatherer,Adult,NA,1,5,2
BUL-05,B,BUL-05-B,2025-10-02,Arthropoda,Chelicerata,Arachnida,Trombidiformes,Sperchontidae,NA,NA,Sperchon,Sperchon,83006,Unclassified,Predator,Adult,NA,49,5,2
BUL-05,B,BUL-05-B,2025-10-02,Arthropoda,Chelicerata,Arachnida,Trombidiformes,Torrenticolidae,NA,NA,Torrenticola,Torrenticola,83254,Unclassified,Predator,Adult,NA,47,5,2
BUL-05,B,BUL-05-B,2025-10-02,Arthropoda,Chelicerata,Arachnida,Trombidiformes,Lebertiidae,NA,NA,Lebertia,Lebertia,83034,Unclassified,Predator,Adult,NA,8,5,2
BUL-05,B,BUL-05-B,2025-10-02,Arthropoda,Chelicerata,Arachnida,Trombidiformes,Hydryphantidae,NA,NA,Protzia,Protzia,83170,Unclassified,Predator,Adult,NA,9,5,2
BUL-05,B,BUL-05-B,2025-10-02,Annelida,Clitellata,Oligochaeta,Lumbriculida,Lumbriculidae,NA,NA,Lumbriculus,Lumbriculus,68441,NA,Collector-Gatherer,None,NA,2,5,2
BUL-05,B,BUL-05-B,2025-10-02,Annelida,Clitellata,Oligochaeta,Tubificida,Naididae,NA,NA,Nais,Nais,68946,NA,Collector-Gatherer,None,NA,5,5,2
BUL-05,B,BUL-05-B,2025-10-02,Arthropoda,Hexapoda,Insecta,Diptera,Chironomidae,Orthocladiinae,NA,Cardiocladius,Cardiocladius,128511,NA,Predator,Larvae,NA,1,5,2
BUL-05,B,BUL-05-B,2025-10-02,Arthropoda,Hexapoda,Insecta,Diptera,Athericidae,NA,NA,Atherix,Atherix,130929,NA,Predator,Larvae,NA,3,5,2
BUL-05,B,BUL-05-B,2025-10-02,Arthropoda,Hexapoda,Insecta,Diptera,Chironomidae,Tanypodinae,Pentaneurini,Thienemannimyia group,Thienemannimyia group,127917N,NA,Predator,Larvae,NA,1,5,2
BUL-05,B,BUL-05-B,2025-10-02,Arthropoda,Hexapoda,Insecta,Diptera,Chironomidae,Orthocladiinae,NA,Orthocladius complex,Orthocladius complex,128874A,NA,Collector-Gatherer,Larvae,NA,1,5,2
BUL-05,B,BUL-05-B,2025-10-02,Arthropoda,Hexapoda,Insecta,Diptera,Chironomidae,Orthocladiinae,NA,Tvetenia,Tvetenia,129197,NA,Collector-Gatherer,Larvae,NA,16,5,2
BUL-05,B,BUL-05-B,2025-10-02,Arthropoda,Hexapoda,Insecta,Diptera,Chironomidae,Chironominae,Tanytarsini,Sublettea,Sublettea,129975,NA,Collector-Filterer,Larvae,NA,5,5,2
BUL-05,B,BUL-05-B,2025-10-02,Arthropoda,Hexapoda,Insecta,Diptera,Chironomidae,Chironominae,Tanytarsini,Micropsectra,Micropsectra,129890,NA,Collector-Gatherer,Larvae,NA,1,5,2
BUL-05,B,BUL-05-B,2025-10-02,Arthropoda,Hexapoda,Insecta,Diptera,Chironomidae,Chironominae,Tanytarsini,Rheotanytarsus,Rheotanytarsus,129952,NA,Collector-Filterer,Larvae,NA,1,5,2
BUL-05,B,BUL-05-B,2025-10-02,Arthropoda,Hexapoda,Insecta,Trichoptera,NA,NA,NA,Trichoptera,Trichoptera,115095,NA,NA,Juvenile/Damaged,ND,3,5,2
BUL-05,B,BUL-05-B,2025-10-02,Arthropoda,Hexapoda,Insecta,Plecoptera,NA,NA,NA,Plecoptera,Plecoptera,102467,Unclassified,NA,Juvenile/Damaged,NA,2,5,2
BUL-05,B,BUL-05-B,2025-10-02,Arthropoda,Chelicerata,Arachnida,Trombidiformes,NA,NA,NA,Trombidiformes,Trombidiformes,82769,NA,Predator,Juvenile/Damaged,NA,2,5,2
BUL-05,C,BUL-05-C,2025-10-02,Arthropoda,Hexapoda,Insecta,Trichoptera,Hydropsychidae,NA,NA,Hydropsychidae,Hydropsychidae,115398,Unclassified,Collector-Filterer,Juvenile/Damaged,ND,2,5,3
BUL-05,C,BUL-05-C,2025-10-02,Arthropoda,Hexapoda,Insecta,Trichoptera,Glossosomatidae,NA,NA,Glossosomatidae,Glossosomatidae,117120,Unclassified,Scraper,Juvenile/Damaged,ND,1,5,3
BUL-05,C,BUL-05-C,2025-10-02,Arthropoda,Hexapoda,Insecta,Ephemeroptera,Ephemerellidae,NA,NA,Ephemerellidae,Ephemerellidae,101232,Unclassified,Collector-Gatherer,Juvenile/Damaged,ND,60,5,3
BUL-05,C,BUL-05-C,2025-10-02,Arthropoda,Hexapoda,Insecta,Ephemeroptera,Heptageniidae,NA,NA,Heptageniidae,Heptageniidae,100504,Unclassified,Scraper,Juvenile/Damaged,NA,61,5,3
BUL-05,C,BUL-05-C,2025-10-02,Arthropoda,Hexapoda,Insecta,Ephemeroptera,Leptophlebiidae,NA,NA,Leptophlebiidae,Leptophlebiidae,101095,Unclassified,Collector-Gatherer,Juvenile/Damaged,ND,58,5,3
BUL-05,C,BUL-05-C,2025-10-02,Arthropoda,Hexapoda,Insecta,Ephemeroptera,Baetidae,NA,NA,Baetidae,Baetidae,100755,Unclassified,Collector-Gatherer,Juvenile/Damaged,ND,6,5,3
BUL-05,C,BUL-05-C,2025-10-02,Arthropoda,Hexapoda,Insecta,Plecoptera,Perlodidae,NA,NA,Perlodidae,Perlodidae,102994,Unclassified,Predator,Juvenile/Damaged,ND,1,5,3
BUL-05,C,BUL-05-C,2025-10-02,Arthropoda,Hexapoda,Insecta,Plecoptera,Perlidae,NA,NA,Perlidae,Perlidae,102914,Unclassified,Predator,Larvae,NA,2,5,3
BUL-05,C,BUL-05-C,2025-10-02,Arthropoda,Hexapoda,Insecta,Plecoptera,Chloroperlidae,NA,NA,Chloroperlidae,Chloroperlidae,103202,Unclassified,Predator,Juvenile/Damaged,ND,3,5,3
BUL-05,C,BUL-05-C,2025-10-02,Arthropoda,Hexapoda,Insecta,Trichoptera,Hydropsychidae,NA,NA,Hydropsyche,Hydropsyche,115453,UV,Collector-Filterer,Larvae,NA,78,5,3
BUL-05,C,BUL-05-C,2025-10-02,Arthropoda,Hexapoda,Insecta,Trichoptera,Hydropsychidae,NA,NA,Cheumatopsyche,Cheumatopsyche,115408,Unclassified,Collector-Filterer,Larvae,NA,15,5,3
BUL-05,C,BUL-05-C,2025-10-02,Arthropoda,Hexapoda,Insecta,Trichoptera,Brachycentridae,NA,NA,Micrasema,Micrasema,116958,Unclassified,Macrophyte-Herbivore,Larvae,NA,2,5,3
BUL-05,C,BUL-05-C,2025-10-02,Arthropoda,Hexapoda,Insecta,Trichoptera,Brachycentridae,NA,NA,Brachycentrus,Brachycentrus,116906,Unclassified,Omnivore,Larvae,NA,3,5,3
BUL-05,C,BUL-05-C,2025-10-02,Arthropoda,Hexapoda,Insecta,Trichoptera,Glossosomatidae,NA,NA,Glossosoma,Glossosoma,117159,Unclassified,Scraper,Larvae,NA,3,5,3
BUL-05,C,BUL-05-C,2025-10-02,Arthropoda,Hexapoda,Insecta,Trichoptera,Rhyacophilidae,NA,NA,Rhyacophila arnaudi,Rhyacophila arnaudi,115165,NA,Predator,Larvae,NA,1,5,3
BUL-05,C,BUL-05-C,2025-10-02,Arthropoda,Hexapoda,Insecta,Trichoptera,Lepidostomatidae,NA,NA,Lepidostoma,Lepidostoma,116794,UV,Shredder-Herbivore,Larvae,NA,497,5,3
BUL-05,C,BUL-05-C,2025-10-02,Arthropoda,Hexapoda,Insecta,Ephemeroptera,Ephemerellidae,NA,NA,Ephemerella,Ephemerella,101233,UV,Collector-Gatherer,Larvae,NA,19,5,3
BUL-05,C,BUL-05-C,2025-10-02,Arthropoda,Hexapoda,Insecta,Ephemeroptera,Ephemerellidae,NA,NA,Drunella grandis group,Drunella grandis group,101365A,Unclassified,Collector-Gatherer,Larvae,NA,1,5,3
BUL-05,C,BUL-05-C,2025-10-02,Arthropoda,Hexapoda,Insecta,Ephemeroptera,Heptageniidae,NA,NA,Epeorus,Epeorus,100626,Unclassified,Scraper,Larvae,NA,12,5,3
BUL-05,C,BUL-05-C,2025-10-02,Arthropoda,Hexapoda,Insecta,Ephemeroptera,Heptageniidae,NA,NA,Rhithrogena,Rhithrogena,100572,Unclassified,Scraper,Larvae,NA,29,5,3
BUL-05,C,BUL-05-C,2025-10-02,Arthropoda,Hexapoda,Insecta,Ephemeroptera,Leptophlebiidae,NA,NA,Neoleptophlebia,Neoleptophlebia,101095A,NA,Collector-Gatherer,Larvae,NA,6,5,3
BUL-05,C,BUL-05-C,2025-10-02,Arthropoda,Hexapoda,Insecta,Ephemeroptera,Baetidae,NA,NA,Baetis,Baetis,100800,MV,Collector-Gatherer,Juvenile/Damaged,ND,9,5,3
BUL-05,C,BUL-05-C,2025-10-02,Arthropoda,Hexapoda,Insecta,Ephemeroptera,Baetidae,NA,NA,Baetis rhodani group,Baetis rhodani group,100800B,Unclassified,Collector-Gatherer,Larvae,NA,8,5,3
BUL-05,C,BUL-05-C,2025-10-02,Arthropoda,Hexapoda,Insecta,Plecoptera,Perlodidae,NA,NA,Isoperla,Isoperla,102995,UV,Predator,Larvae,NA,8,5,3
BUL-05,C,BUL-05-C,2025-10-02,Arthropoda,Hexapoda,Insecta,Plecoptera,Perlodidae,NA,NA,Skwala,Skwala,103102,UV,Predator,Larvae,NA,2,5,3
BUL-05,C,BUL-05-C,2025-10-02,Arthropoda,Hexapoda,Insecta,Plecoptera,Nemouridae,NA,NA,Zapada cinctipes,Zapada cinctipes,102594,UV,Shredder-Herbivore,Larvae,NA,4,5,3
BUL-05,C,BUL-05-C,2025-10-02,Arthropoda,Hexapoda,Insecta,Plecoptera,Pteronarcyidae,NA,NA,Pteronarcella,Pteronarcella,102485,Unclassified,Omnivore,Larvae,NA,1,5,3
BUL-05,C,BUL-05-C,2025-10-02,Arthropoda,Hexapoda,Insecta,Plecoptera,Pteronarcyidae,NA,NA,Pteronarcys,Pteronarcys,102471,Unclassified,Omnivore,Larvae,NA,1,5,3
BUL-05,C,BUL-05-C,2025-10-02,Arthropoda,Hexapoda,Insecta,Plecoptera,Chloroperlidae,NA,NA,Sweltsa,Sweltsa,103273,SV,Predator,Larvae,NA,9,5,3
BUL-05,C,BUL-05-C,2025-10-02,Arthropoda,Hexapoda,Insecta,Plecoptera,Chloroperlidae,NA,NA,Haploperla,Haploperla,103260,Unclassified,Predator,Larvae,NA,1,5,3
BUL-05,C,BUL-05-C,2025-10-02,Arthropoda,Hexapoda,Insecta,Diptera,Athericidae,NA,NA,Atherix,Atherix,130929,NA,Predator,Larvae,NA,1,5,3
BUL-05,C,BUL-05-C,2025-10-02,Arthropoda,Hexapoda,Insecta,Diptera,Tipulidae,NA,NA,Antocha,Antocha,119656,NA,Collector-Gatherer,Larvae,NA,2,5,3
BUL-05,C,BUL-05-C,2025-10-02,Arthropoda,Hexapoda,Insecta,Diptera,Limoniidae,NA,NA,Eloeophila,Eloeophila,NA,NA,Predator,Larvae,NA,2,5,3
BUL-05,C,BUL-05-C,2025-10-02,Arthropoda,Hexapoda,Insecta,Diptera,Tipulidae,NA,NA,Hexatoma,Hexatoma,120094,NA,Predator,Larvae,NA,1,5,3
BUL-05,C,BUL-05-C,2025-10-02,Arthropoda,Hexapoda,Insecta,Diptera,Psychodidae,NA,NA,Pericoma/Telmatoscopus,Pericoma/Telmatoscopus,125351A,NA,Collector-Gatherer,Larvae,NA,2,5,3
BUL-05,C,BUL-05-C,2025-10-02,Arthropoda,Hexapoda,Insecta,Diptera,Empididae,NA,NA,Hemerodromia,Hemerodromia,136327,MV,Predator,Larvae,NA,3,5,3
BUL-05,C,BUL-05-C,2025-10-02,Arthropoda,Hexapoda,Insecta,Coleoptera,Elmidae,NA,NA,Optioservus,Optioservus,114177,SV,Scraper,Larvae,NA,13,5,3
BUL-05,C,BUL-05-C,2025-10-02,Arthropoda,Hexapoda,Insecta,Coleoptera,Elmidae,NA,NA,Optioservus,Optioservus,114177,SV,Scraper,Adult,NA,2,5,3
BUL-05,C,BUL-05-C,2025-10-02,Arthropoda,Chelicerata,Arachnida,Trombidiformes,Hygrobatidae,NA,NA,Atractides,Atractides,83282,Unclassified,Predator,Adult,NA,3,5,3
BUL-05,C,BUL-05-C,2025-10-02,Arthropoda,Chelicerata,Arachnida,Trombidiformes,Sperchontidae,NA,NA,Sperchon,Sperchon,83006,Unclassified,Predator,Adult,NA,37,5,3
BUL-05,C,BUL-05-C,2025-10-02,Arthropoda,Chelicerata,Arachnida,Trombidiformes,Torrenticolidae,NA,NA,Torrenticola,Torrenticola,83254,Unclassified,Predator,Adult,NA,53,5,3
BUL-05,C,BUL-05-C,2025-10-02,Arthropoda,Chelicerata,Arachnida,Trombidiformes,Lebertiidae,NA,NA,Lebertia,Lebertia,83034,Unclassified,Predator,Adult,NA,7,5,3
BUL-05,C,BUL-05-C,2025-10-02,Arthropoda,Chelicerata,Arachnida,Trombidiformes,Hydryphantidae,NA,NA,Protzia,Protzia,83170,Unclassified,Predator,Adult,NA,11,5,3
BUL-05,C,BUL-05-C,2025-10-02,Annelida,Clitellata,Oligochaeta,Lumbriculida,Lumbriculidae,NA,NA,Lumbriculus,Lumbriculus,68441,NA,Collector-Gatherer,None,NA,2,5,3
BUL-05,C,BUL-05-C,2025-10-02,Arthropoda,Hexapoda,Insecta,Diptera,Chironomidae,Orthocladiinae,NA,Tvetenia,Tvetenia,129197,NA,Collector-Gatherer,Larvae,NA,13,5,3
BUL-05,C,BUL-05-C,2025-10-02,Arthropoda,Hexapoda,Insecta,Diptera,Chironomidae,Orthocladiinae,NA,Orthocladius complex,Orthocladius complex,128874A,NA,Collector-Gatherer,Larvae,NA,2,5,3
BUL-05,C,BUL-05-C,2025-10-02,Arthropoda,Hexapoda,Insecta,Trichoptera,NA,NA,NA,Trichoptera,Trichoptera,115095,NA,NA,Juvenile/Damaged,ND,3,5,3
BUL-05,C,BUL-05-C,2025-10-02,Arthropoda,Hexapoda,Insecta,Plecoptera,NA,NA,NA,Plecoptera,Plecoptera,102467,Unclassified,NA,Juvenile/Damaged,NA,2,5,3
